country,code,2000,2001,2002,2003,2004,2005,2006,2007,2008,2009,2010,2011,2012,2013,2014,2015,2016,2017,2018,2019,2020
Aruba,ABW,90866,92892,94992,97016,98744,100028,100830,101226,101362,101452,101665,102050,102565,103165,103776,104339,104865,105361,105846,106310,106766
Africa Eastern and Southern,AFE,398113044,408522129,419223717,430246635,441630149,453404076,465581372,478166911,491173160,504604672,518468229,532760424,547482863,562601578,578075373,593871847,609978946,626392880,643090131,660046272,677243299
Afghanistan,AFG,20779957,21606992,22600774,23680871,24726689,25654274,26433058,27100542,27722281,28394806,29185511,30117411,31161378,32269592,33370804,34413603,35383028,36296111,37171922,38041757,38928341
Africa Western and Central,AFW,267214544,274433894,281842480,289469530,297353098,305520588,313985474,322741656,331772330,341050537,350556886,360285439,370243017,380437896,390882979,401586651,412551299,423769930,435229381,446911598,458803476
Angola,AGO,16395477,16945753,17519418,18121477,18758138,19433604,20149905,20905360,21695636,22514275,23356247,24220660,25107925,26015786,26941773,27884380,28842482,29816769,30809787,31825299,32866268
Albania,ALB,3089027,3060173,3051010,3039616,3026939,3011487,2992547,2970017,2947314,2927519,2913021,2905195,2900401,2895092,2889104,2880703,2876101,2873457,2866376,2854191,2837743
Andorra,AND,65390,67344,70048,73180,76250,78871,80995,82682,83860,84461,84454,83748,82427,80770,79213,77993,77295,76997,77008,77146,77265
Arab World,ARB,282344141,288432153,294665202,301113869,307862846,314965776,322452764,330290752,338395936,346629179,354890097,363156846,371437642,379696477,387899835,396028301,404042892,411942825,419851989,427870273,436080728
United Arab Emirates,ARE,3134067,3302722,3478769,3711931,4068577,4588222,5300172,6168846,7089486,7917368,8549998,8946778,9141598,9197908,9214182,9262896,9360975,9487206,9630966,9770526,9890400
Argentina,ARG,36870796,37275644,37681743,38087866,38491970,38892924,39289876,39684303,40080159,40482786,40788453,41261490,41733271,42202935,42669500,43131966,43590368,44044811,44494502,44938712,45376763
Armenia,ARM,3069597,3050686,3033976,3017938,3000715,2981262,2958301,2932615,2907615,2888094,2877314,2876536,2884239,2897593,2912403,2925559,2936147,2944789,2951741,2957728,2963234
American Samoa,ASM,57816,58496,59077,59495,59684,59557,59109,58367,57490,56675,56084,55755,55669,55717,55791,55806,55739,55617,55461,55312,55197
Antigua and Barbuda,ATG,76007,77212,78298,79311,80347,81462,82715,84029,85394,86743,88030,89250,90407,91510,92562,93571,94520,95425,96282,97115,97928
Australia,AUS,19153000,19413000,19651400,19895400,20127400,20394800,20697900,20827600,21249200,21691700,22031750,22340024,22733465,23128129,23475686,23815995,24190907,24601860,24982688,25365745,25687041
Austria,AUT,8011566,8042293,8081957,8121423,8171966,8227829,8268641,8295487,8321496,8343323,8363404,8391643,8429991,8479823,8546356,8642699,8736668,8797566,8840521,8879920,8917205
Azerbaijan,AZE,8048600,8111200,8171950,8234100,8306500,8391850,8484550,8581300,8763400,8947243,9054332,9173082,9295784,9416801,9535079,9649341,9757812,9854033,9939771,10024283,10110116
Burundi,BDI,6378871,6525546,6704118,6909161,7131688,7364857,7607850,7862226,8126104,8397661,8675606,8958406,9245992,9540302,9844301,10160034,10488002,10827010,11175379,11530577,11890781
Belgium,BEL,10251250,10286570,10332785,10376133,10421137,10478617,10547958,10625700,10709973,10796493,10895586,11038264,11106932,11159407,11209057,11274196,11331422,11375158,11427054,11488980,11555997
Benin,BEN,6865946,7076728,7295400,7520556,7750003,7982223,8216893,8454790,8696915,8944713,9199254,9460829,9729254,10004594,10286839,10575962,10872072,11175192,11485035,11801151,12123198
Burkina Faso,BFA,11607951,11944589,12293097,12654624,13030576,13421935,13829173,14252029,14689725,15141098,15605211,16081915,16571252,17072791,17586029,18110616,18646350,19193236,19751466,20321383,20903278
Bangladesh,BGD,127657862,130088709,132478077,134791598,136986429,139035505,140921154,142660381,144304164,145924795,147575433,149273134,151005733,152761413,154517385,156256287,157977151,159685421,161376713,163046173,164689383
Bulgaria,BGR,8170172,8009142,7837161,7775327,7716860,7658972,7601022,7545338,7492561,7444443,7395599,7348328,7305888,7265115,7223938,7177991,7127822,7075947,7025037,6975761,6927288
Bahrain,BHR,664610,697550,735140,778708,829846,889157,958423,1035924,1114645,1185075,1240864,1278153,1299942,1315029,1336073,1371853,1425793,1494077,1569440,1641164,1701583
"Bahamas, The",BHS,298045,302618,307657,313123,318893,324848,331032,337387,343680,349600,354936,359583,363581,367162,370625,374200,377923,381749,385635,389486,393248
Bosnia and Herzegovina,BIH,3751176,3755514,3759389,3762179,3764194,3765332,3765422,3762791,3754261,3735945,3705478,3661173,3604972,3542598,3482106,3429362,3386263,3351534,3323929,3300998,3280815
Belarus,BLR,9979610,9928549,9865548,9796749,9730146,9663915,9604924,9560953,9527985,9506765,9490583,9473172,9464495,9465997,9474511,9489616,9501534,9498264,9483499,9417849,9398861
Belize,BLZ,247310,255068,262387,269428,276516,283798,291338,299031,306822,314655,322465,330236,338001,345707,353366,360926,368399,375775,383071,390351,397621
Bermuda,BMU,61833,62504,62912,63325,63740,64154,64523,64888,65273,65636,65124,64564,64798,65001,65138,65237,64554,63873,63919,63913,63903
Bolivia,BOL,8418270,8580244,8742822,8905820,9069044,9232301,9395449,9558438,9721457,9884790,10048597,10212951,10377677,10542375,10706517,10869732,11031822,11192853,11353140,11513102,11673029
Brazil,BRA,174790339,177196051,179537523,181809244,184006479,186127108,188167353,190130445,192030362,193886505,195713637,197514541,199287292,201035904,202763744,204471759,206163056,207833825,209469320,211049519,212559409
Barbados,BRB,271511,272494,273423,274331,275283,276320,277475,278701,279946,281107,282131,282987,283698,284294,284825,285327,285798,286229,286640,287021,287371
Brunei Darussalam,BRN,333166,340037,346777,353295,359434,365112,370262,374967,379418,383902,388634,393687,398997,404414,409778,414914,419791,424481,428960,433296,437483
Bhutan,BTN,591014,603643,616025,627840,638809,648744,657404,664873,671611,678329,685502,693297,701582,710235,719053,727885,736706,745563,754396,763094,771612
Botswana,BWA,1643333,1674674,1704637,1734387,1765533,1799077,1835911,1875458,1915636,1953495,1987106,2015406,2039551,2062551,2088619,2120716,2159925,2205076,2254067,2303703,2351625
Central African Republic,CAF,3640421,3722016,3802129,3881185,3959883,4038380,4118075,4198004,4273368,4337623,4386765,4418639,4436411,4447945,4464171,4493171,4537683,4596023,4666375,4745179,4829764
Canada,CAN,30685730,31020902,31360079,31644028,31940655,32243753,32571174,32889025,33247118,33628895,34004889,34339328,34714222,35082954,35437435,35702908,36109487,36545295,37065178,37593384,38005238
Central Europe and the Baltics,CEB,108447824,107660041,106959751,106624167,106331716,106041911,105772481,105378748,105001883,104800475,104421447,104174038,103935318,103713726,103496179,103257886,102994278,102740078,102538451,102398537,102246330
Switzerland,CHE,7184250,7229854,7284753,7339001,7389625,7437115,7483934,7551117,7647675,7743831,7824909,7912398,7996861,8089346,8188649,8282396,8373338,8451840,8514329,8575280,8636896
Channel Islands,CHI,148439,149097,149591,150070,150722,151674,152999,154644,156441,158187,159718,160990,162051,163039,164107,165387,166922,168666,170496,172264,173859
Chile,CHL,15342350,15516112,15684413,15849649,16014972,16182713,16354507,16530201,16708255,16886184,17062531,17233584,17400359,17571511,17758969,17969356,18209072,18470435,18729166,18952035,19116209
China,CHN,1262645000,1271850000,1280400000,1288400000,1296075000,1303720000,1311020000,1317885000,1324655000,1331260000,1337705000,1344130000,1350695000,1357380000,1364270000,1371220000,1378665000,1386395000,1392730000,1397715000,1402112000
Cote d'Ivoire,CIV,16454660,16853027,17231539,17599613,17970493,18354513,18754914,19171250,19605568,20059147,20532944,21028652,21547188,22087506,22647672,23226148,23822726,24437475,25069226,25716554,26378275
Cameroon,CMR,15513944,15928910,16357605,16800869,17259322,17733408,18223677,18730283,19252674,19789922,20341236,20906392,21485267,22077300,22681853,23298376,23926549,24566070,25216261,25876387,26545864
"Congo, Dem. Rep.",COD,47105830,48428534,49871670,51425583,53068869,54785894,56578046,58453687,60411195,62448572,64563853,66755151,69020749,71358804,73767445,76244532,78789130,81398765,84068092,86790568,89561404
"Congo, Rep.",COG,3127420,3217930,3310376,3406915,3510468,3622775,3745143,3876123,4011487,4145400,4273738,4394842,4510197,4622757,4736965,4856093,4980996,5110701,5244363,5380504,5518092
Colombia,COL,39629965,40255956,40875363,41483872,42075953,42647731,43200901,43737512,44254972,44750054,45222699,45662747,46075721,46495492,46967706,47520667,48175048,48909844,49661056,50339443,50882884
Comoros,COM,542358,555895,569480,583213,597230,611625,626427,641624,657227,673251,689696,706578,723865,741511,759390,777435,795597,813890,832322,850891,869595
Cabo Verde,CPV,428178,435701,442955,449925,456619,463034,469171,475067,480846,486667,492644,498858,505241,511740,518276,524740,531140,537499,543764,549936,555988
Costa Rica,CRI,3962369,4034074,4100922,4164053,4225156,4285504,4345421,4404626,4463123,4520739,4577371,4633086,4688003,4742111,4795390,4847805,4899336,4949955,4999443,5047561,5094114
Caribbean small states,CSS,6513486,6559097,6604966,6650981,6696985,6742657,6788122,6833394,6878973,6925446,6973193,7022367,7072640,7123315,7173443,7222197,7269385,7314956,7358929,7401389,7442291
Cuba,CUB,11126423,11164676,11199664,11229185,11250369,11261586,11261241,11251117,11236975,11226711,11225833,11236671,11257112,11282722,11306909,11324777,11335108,11339255,11338146,11333484,11326616
Curacao,CUW,133860,129047,129205,131897,134192,137658,141239,144056,145880,146833,148703,150831,152088,153822,155909,157980,159664,160175,159336,157441,155014
Cayman Islands,CYM,42305,43934,45347,46624,47899,49261,50729,52280,53835,55321,56672,57877,58963,59933,60848,61721,62564,63382,64172,64948,65720
Cyprus,CYP,943288,960274,976968,993562,1010410,1027657,1045508,1063708,1081568,1098089,1112617,1124837,1135046,1143866,1152297,1160987,1170189,1179685,1189262,1198574,1207361
Czech Republic,CZE,10255063,10216605,10196916,10193998,10197101,10211216,10238905,10298828,10384603,10443936,10474410,10496088,10510785,10514272,10525347,10546059,10566332,10594438,10629928,10671870,10698896
Germany,GER,82211508,82349925,82488495,82534176,82516260,82469422,82376451,82266372,82110097,81902307,81776930,80274983,80425823,80645605,80982500,81686611,82348669,82657002,82905782,83092962,83240525
Djibouti,DJI,717577,733019,746947,759639,771599,783248,794554,805456,816361,827820,840194,853671,868136,883296,898707,913998,929117,944100,958923,973557,988002
Dominica,DMA,69650,69671,69840,70102,70387,70580,70718,70797,70829,70848,70877,70912,70954,71019,71091,71175,71307,71460,71626,71808,71991
Denmark,DNK,5339616,5358783,5375931,5390574,5404523,5419432,5437272,5461438,5493621,5523095,5547683,5570572,5591572,5614932,5643475,5683483,5728010,5764980,5793636,5814422,5831404
Dominican Republic,DOM,8471317,8598599,8724974,8850317,8974444,9097262,9218681,9338856,9458079,9576736,9695117,9813219,9930916,10048226,10165182,10281675,10397738,10513111,10627147,10738957,10847904
Algeria,DZA,31042238,31451513,31855110,32264159,32692153,33149720,33641007,34166976,34730604,35333882,35977451,36661438,37383899,38140135,38923688,39728020,40551398,41389174,42228415,43053054,43851043
East Asia & Pacific (excluding high income),EAP,1816455800,1833422980,1849607527,1865132738,1880248912,1895275475,1909891482,1924018171,1938057262,1952017377,1965954326,1980035204,1994389913,2008919318,2023595907,2038190024,2053107304,2068150870,2081650327,2093675075,2105003391
Early-demographic dividend,EAR,2472852816,2516662185,2560101448,2603300762,2646483605,2689792006,2733278857,2776922505,2820636607,2864298814,2907916947,2951423688,2994346938,3037084158,3079685581,3122156833,3164439749,3206485623,3248413593,3290291029,3332105361
East Asia & Pacific,EAS,2047640091,2065912033,2083186086,2099602481,2115458625,2131146847,2146744105,2161785511,2177119138,2192059400,2206884622,2221672723,2236817711,2252044491,2267485985,2282863725,2298500738,2314112848,2328193462,2340673749,2352037717
Europe & Central Asia (excluding high income),ECA,391586634,391315286,391008840,391172281,391535458,391952218,392511901,393215573,394392601,396042179,398082642,400311983,402565848,405069376,407567142,410111294,412578888,414892969,416931527,418760880,420249459
Europe & Central Asia,ECS,861278544,862347956,863936837,866215697,868808153,871456632,874157191,877300670,880932055,884469396,887926793,890162077,893786694,898057341,902404181,906707413,910910900,914655081,918082509,920809471,923489941
Ecuador,ECU,12681123,12914660,13143465,13369678,13596390,13825839,14059379,14296554,14535740,14774412,15011114,15243885,15474099,15707473,15951832,16212022,16491116,16785356,17084359,17373657,17643060
"Egypt, Arab Rep.",EGY,68831561,70152662,71485044,72826102,74172073,75523576,76873670,78232124,79636081,81134789,82761244,84529251,86422240,88404652,90424668,92442549,94447071,96442590,98423602,100388076,102334403
Euro area,EMU,321310789,322547874,324125339,325885957,327682513,329380417,330922785,332645162,334274725,335360891,336151482,335419656,336159199,337302111,338462234,339488382,340481755,341217243,341979171,342282081,342949773
Eritrea,ERI,2292413,2374721,2481059,2600972,2719809,2826653,2918209,2996540,3062782,3119920,3170437,3213969,,,,,,,,,
Spain,ESP,40567864,40850412,41431558,42187645,42921895,43653155,44397319,45226803,45954106,46362946,46576897,46742697,46773055,46620045,46480882,46444832,46484062,46593236,46797754,47133521,47351567
Estonia,EST,1396985,1388115,1379350,1370720,1362550,1354775,1346810,1340680,1337090,1334515,1331475,1327439,1322696,1317997,1314545,1315407,1315790,1317384,1321977,1326898,1331057
Ethiopia,ETH,66224809,68159422,70142090,72170581,74239508,76346310,78489205,80674343,82916236,85233923,87639962,90139928,92726982,95385793,98094264,100835453,103603461,106399926,109224410,112078727,114963583
European Union,EUU,429328622,429895628,430881947,432415932,434040244,435581949,436998045,438468397,439876674,440917801,441532415,440746989,441395937,442469469,443576675,444543761,445487730,446186344,446915113,447196538,447794691
Fragile and conflict affected situations,FCS,572303917,586760366,601848734,617468591,633460044,649704454,666174377,682901570,700030438,717553793,735448194,753858934,772742559,791943328,811249811,830536041,849739853,868954263,888488369,908739462,930006546
Finland,FIN,5176209,5188008,5200598,5213014,5228172,5246096,5266268,5288720,5313399,5338871,5363352,5388272,5413971,5438972,5461512,5479531,5495303,5508214,5515525,5521606,5530719
Fiji,FJI,811011,813923,815257,816078,817864,821606,827869,836185,845356,853636,859816,863451,865065,865602,866447,868632,872406,877460,883490,889955,896444
France,FRA,60912500,61357432,61805266,62244880,62704901,63179356,63621376,64016227,64374979,64707035,65027505,65342789,65659814,65998685,66312067,66548272,66724104,66918020,67101930,67248926,67391582
Faroe Islands,FRO,46738,46999,47235,47439,47600,47731,47793,47825,47822,47814,47803,47815,47843,47901,47965,48055,48173,48326,48497,48677,48865
"Micronesia, Fed. Sts.",FSM,107405,107170,107027,106902,106624,106135,105374,104442,103549,102971,102916,103448,104506,105922,107444,108886,110215,111461,112640,113811,115021
Gabon,GAB,1228359,1258008,1288310,1319946,1353788,1390550,1430144,1472565,1518538,1568925,1624146,1684629,1749677,1817070,1883801,1947690,2007882,2064812,2119275,2172578,2225728
United Kingdom,GBR,58892514,59119673,59370479,59647577,59987905,60401206,60846820,61322463,61806995,62276270,62766365,63258810,63700215,64128273,64602298,65116219,65611593,66058859,66460344,66836327,67215293
Georgia,GEO,4077131,4014373,3978515,3951736,3927340,3902469,3880347,3860158,3848449,3814419,3786695,3756441,3728874,3717668,3719414,3725276,3727505,3728004,3726549,3720161,3714000
Ghana,GHA,19278850,19756929,20246376,20750308,21272328,21814648,22379057,22963946,23563832,24170943,24779614,25387713,25996454,26607641,27224480,27849203,28481947,29121464,29767108,30417858,31072945
Gibraltar,GIB,31081,31604,32097,32556,32930,33222,33420,33524,33570,33562,33585,33608,33653,33694,33726,33742,33738,33723,33715,33706,33691
Guinea,GIN,8240735,8417082,8586077,8753097,8925729,9109585,9307421,9518159,9738796,9964470,10192168,10420459,10652032,10892821,11150970,11432096,11738434,12067516,12414292,12771246,13132792
"Gambia, The",GMB,1317708,1360070,1404263,1449925,1496524,1543745,1591444,1639846,1689288,1740277,1793199,1848142,1905020,1963708,2024037,2085860,2149134,2213900,2280092,2347696,2416664
Guinea-Bissau,GNB,1201305,1227105,1254454,1283297,1313492,1344931,1377582,1411545,1446936,1483920,1522603,1562996,1604981,1648259,1692433,1737207,1782434,1828146,1874304,1920917,1967998
Equatorial Guinea,GNQ,606180,631662,658388,686670,716949,749527,784494,821686,860839,901589,943640,986861,1031191,1076412,1122273,1168575,1215181,1262008,1308966,1355982,1402985
Greece,GRC,10805808,10862132,10902022,10928070,10955141,10987314,11020362,11048473,11077841,11107017,11121341,11104899,11045011,10965211,10892413,10820883,10775971,10754679,10732882,10721582,10715549
Grenada,GRD,102837,103242,103636,104003,104346,104658,104938,105183,105457,105787,106227,106786,107452,108172,108900,109603,110263,110874,111449,112002,112519
Greenland,GRL,56200,56350,56609,56765,56911,56935,56774,56555,56328,56323,56905,56890,56810,56483,56295,56114,56186,56172,56023,56225,56367
Guatemala,GTM,11589761,11871565,12147518,12415334,12682108,12948292,13213330,13477017,13739299,14000190,14259687,14521515,14781942,15043981,15306316,15567419,15827690,16087418,16346950,16604026,16858333
Guam,GUM,155323,156395,157173,157723,158094,158406,158649,158848,159037,159232,159439,159690,159990,160415,161007,161851,162948,164281,165770,167295,168783
Guyana,GUY,746718,745206,744789,745142,745737,746156,746335,746477,746815,747718,749430,752029,755388,759281,763371,767433,771363,775218,779007,782775,786559
High income,HIC,1074819578,1081809509,1089036403,1096166107,1103693618,1111423301,1119840651,1128710968,1138167727,1146611428,1154194529,1159642350,1166465944,1173351852,1180423771,1187317397,1194191812,1200273639,1205941621,1210795776,1214930230
"Hong Kong SAR, China",HKG,6665000,6714300,6744100,6730800,6783500,6813200,6857100,6916300,6957800,6972800,7024200,7071600,7150100,7178900,7229500,7291300,7336600,7391700,7451000,7507400,7481800
Honduras,HND,6574510,6751912,6929267,7106323,7282953,7458982,7634295,7808520,7980955,8150780,8317467,8480670,8640692,8798524,8955579,9112904,9270794,9429016,9587523,9746115,9904608
Heavily indebted poor countries (HIPC),HPC,471680803,485112670,499113608,513601222,528444638,543555314,558909246,574560319,590590409,607115601,624219296,641921373,660193919,679013004,698336663,718128408,738387077,759106118,780234453,801708019,823480038
Croatia,HRV,4468302,4299642,4302174,4303399,4304600,4310145,4311159,4310217,4309705,4305181,4295427,4280622,4267558,4255689,4238389,4203604,4174349,4124531,4087843,4065253,4047200
Haiti,HTI,8463802,8608810,8754148,8900108,9047082,9195289,9344784,9495336,9646570,9798046,9949318,10100320,10250922,10400672,10549007,10695540,10839976,10982367,11123183,11263079,11402533
Hungary,HUN,10210971,10187576,10158608,10129552,10107146,10087065,10071370,10055780,10038188,10022650,10000023,9971727,9920362,9893082,9866468,9843028,9814023,9787966,9775564,9771141,9749763
IBRD only,IBD,3987195302,4032822479,4077663917,4122166290,4166322561,4210325668,4253873210,4296873722,4340127558,4383703227,4427061950,4471052457,4515480155,4560237588,4604818094,4648913836,4692822905,4736245535,4777365115,4816232592,4853608684
IDA & IBRD total,IBT,5065364303,5137401800,5209100179,5280932681,5352930991,5425296669,5497791266,5570347436,5643704018,5717826420,5792408567,5867926277,5943942309,6020848836,6098309666,6176132700,6254651557,6333519283,6410926655,6486925157,6562212357
IDA total,IDA,1078169001,1104579321,1131436262,1158766391,1186608430,1214971001,1243918056,1273473714,1303576460,1334123193,1365346617,1396873820,1428462154,1460611248,1493491572,1527218864,1561828652,1597273748,1633561540,1670692565,1708603673
IDA blend,IDB,360173395,368820674,377512139,386309887,395320129,404615733,414232540,424192620,434469632,444998547,456049577,467267685,478335316,489624577,501146189,512877239,524794580,536871945,549127807,561571929,574159138
Indonesia,IDN,211513822,214427419,217357790,220309473,223285666,226289468,229318262,232374239,235469755,238620554,241834226,245115988,248451714,251805314,255128076,258383257,261556386,264650969,267670549,270625567,273523621
IDA only,IDX,717995606,735758647,753924123,772456504,791288301,810355268,829685516,849281094,869106828,889124646,909297040,929606135,950126838,970986671,992345383,1014341625,1037034072,1060401803,1084433733,1109120636,1134444535
Isle of Man,IMN,76942,77707,78318,78878,79515,80293,81283,82406,83515,84379,84856,84889,84534,83985,83488,83232,83296,83610,84073,84589,85032
India,IND,1056575548,1075000094,1093317187,1111523146,1129623466,1147609924,1165486291,1183209471,1200669762,1217726217,1234281163,1250287939,1265780243,1280842119,1295600768,1310152392,1324517250,1338676779,1352642283,1366417756,1380004385
Not classified,INX,,,,,,,,,,,,,,,,,,,,,
Ireland,IRL,3805174,3866243,3931947,3996521,4070262,4159914,4273591,4398942,4489544,4535375,4560155,4580084,4599533,4623816,4657740,4701957,4755335,4807388,4867316,4934340,4994724
"Iran, Islamic Rep.",IRN,65623397,66449111,67284801,68122947,68951279,69762345,70554756,71336476,72120608,72924833,73762519,74634959,75539881,76481963,77465769,78492208,79563991,80673888,81800204,82913893,83992953
Iraq,IRQ,23497589,24208178,24931922,25644503,26313838,26922279,27448124,27911242,28385739,28973157,29741977,30725305,31890012,33157061,34411949,35572269,36610632,37552789,38433604,39309789,40222503
Iceland,ISL,281205,284968,287523,289521,292074,296734,303782,311566,317414,318499,318041,319014,320716,323764,327386,330815,335439,343400,352721,360563,366425
Israel,ISR,6289000,6439000,6570000,6689700,6809000,6930100,7053700,7180100,7308800,7485600,7623600,7765800,7910500,8059500,8215700,8380100,8546000,8713300,8882800,9054000,9216900
Italy,ITA,56942108,56974100,57059007,57313203,57685327,57969484,58143979,58438310,58826731,59095365,59277417,59379449,59539717,60233948,60789140,60730582,60627498,60536709,60421760,59729081,59554023
Jamaica,JAM,2654698,2674706,2692843,2709438,2725017,2740000,2754414,2768229,2781869,2795839,2810464,2825932,2842128,2858710,2875137,2891024,2906242,2920848,2934853,2948277,2961161
Jordan,JOR,5122495,5217328,5317514,5434036,5580241,5765639,5991547,6255290,6556473,6893258,7261541,7662858,8089963,8518992,8918822,9266573,9554286,9785840,9965322,10101697,10203140
Japan,JPN,126843000,127149000,127445000,127718000,127761000,127773000,127854000,128001000,128063000,128047000,128070000,127833000,127629000,127445000,127276000,127141000,126994511,126785797,126529100,126264931,125836021
Kazakhstan,KAZ,14883626,14858335,14858948,14909019,15012984,15147029,15308085,15484192,15776938,16092822,16321872,16557202,16792090,17035551,17288285,17542806,17794055,18037776,18276452,18513673,18754440
Kenya,KEN,31964557,32848569,33751746,34678781,35635267,36624897,37649039,38705934,39791984,40901798,42030684,43178270,44343469,45519986,46700063,47878339,49051531,50221146,51392570,52573967,53771300
Kyrgyz Republic,KGZ,4898400,4945100,4990700,5043300,5104700,5162600,5218400,5268400,5318700,5383300,5447900,5514600,5607200,5719600,5835500,5956900,6079500,6198200,6322800,6456200,6591600
Cambodia,KHM,12155241,12405411,12637719,12856171,13066475,13273355,13477705,13679953,13883835,14093605,14312205,14541421,14780454,15026330,15274506,15521435,15766290,16009413,16249795,16486542,16718971
Kiribati,KIR,84405,85844,87308,88840,90498,92319,94341,96531,98760,100928,102930,104735,106359,107887,109387,110927,112529,114153,115842,117608,119446
St. Kitts and Nevis,KNA,44083,44602,45168,45749,46323,46852,47333,47769,48178,48599,49011,49442,49881,50328,50776,51204,51629,52036,52438,52834,53192
"Korea, Rep.",KOR,47008111,47370164,47644736,47892330,48082519,48184561,48438292,48683638,49054708,49307835,49554112,49936638,50199853,50428893,50746659,51014947,51217803,51361911,51606633,51709098,51780579
Kuwait,KWT,2045123,2103273,2136991,2161626,2200498,2270196,2373661,2504026,2656010,2821041,2991884,3168054,3348852,3526382,3690939,3835588,3956862,4056102,4137314,4207077,4270563
Latin America & Caribbean (excluding high income),LAC,471805920,478530627,485108963,491558169,497915775,504205968,510437972,516611312,522729313,528793175,534699518,540699864,546631449,552552130,558534202,564618410,570838477,577151682,583432088,589503742,595242966
Lao PDR,LAO,5323701,5409584,5493247,5576640,5662199,5751675,5846075,5944950,6046630,6148621,6249168,6347564,6444527,6541302,6639763,6741160,6845848,6953031,7061498,7169456,7275556
Lebanon,LBN,3842774,3990999,4182205,4388378,4569377,4698761,4759760,4767347,4764745,4813026,4953064,5202022,5537620,5913016,6261046,6532681,6714281,6819373,6859408,6855709,6825442
Liberia,LBR,2848447,2953928,3024727,3077055,3135654,3218114,3329211,3461911,3607863,3754129,3891357,4017446,4135662,4248337,4359508,4472229,4586788,4702224,4818976,4937374,5057677
Libya,LBY,5357893,5443249,5531097,5620545,5710163,5798615,5886874,5974786,6058740,6133987,6197667,6247438,6285751,6320350,6362039,6418315,6492160,6580723,6678565,6777453,6871287
St. Lucia,LCA,156737,158184,159392,160530,161821,163408,165378,167644,170011,172223,174092,175538,176654,177505,178307,179131,180028,180955,181890,182795,183629
Latin America & Caribbean,LCN,520903474,528283130,535509387,542599527,549590680,556504216,563337657,570091479,576783743,583430021,589932530,596538052,603094656,609595811,615999056,622301041,628493594,634566052,640483586,646430786,652276325
Least developed countries: UN classification,LDC,657215854,673903088,691061433,708587940,726331171,744190509,762132501,780219573,798563425,817322615,836614841,856471437,876867234,897793439,919222955,941131317,963519718,986385402,1009691252,1033388868,1057438163
Low income,LIC,387088076,398196096,409752737,421725011,434055590,446695034,459659653,472947450,486468200,500104939,513783318,527467149,541205688,555116804,569367413,584084928,599290280,614965124,631147232,647870823,665149035
Liechtenstein,LIE,33184,33543,33885,34172,34444,34718,34975,35217,35469,35723,35996,36299,36615,36940,37219,37465,37655,37805,37918,38020,38137
Sri Lanka,LKA,18777606,18911727,19062476,19224036,19387153,19544988,19695977,19842044,19983984,20123508,20261738,20398496,20425000,20585000,20778000,20970000,21203000,21444000,21670000,21803000,21919000
Lower middle income,LMC,2445096607,2487900839,2530679514,2573512638,2616457516,2659559236,2702862046,2746406133,2790205950,2834272715,2878875404,2923659939,2968243908,3013187396,3058248975,3103569257,3149022555,3194517542,3240031866,3285416867,3330652547
Low & middle income,LMY,5015320490,5087215714,5158616199,5230164654,5301861509,5373892527,5446043718,5518245128,5591217271,5664931795,5739242600,5814350691,5889963667,5966542299,6043826104,6121677430,6200441680,6279734109,6357646877,6434033786,6509474374
Lesotho,LSO,2032805,2035738,2029832,2018355,2005953,1996115,1989933,1986926,1987130,1990135,1995575,2003793,2014988,2028528,2043448,2059011,2075041,2091532,2108327,2125267,2142252
Late-demographic dividend,LTE,2045125929,2059873472,2073757388,2087310573,2100746553,2114307472,2127750947,2140907333,2154348068,2167842694,2180828802,2193829487,2206930121,2220295172,2233865679,2247405366,2261410364,2275536083,2287851415,2298495924,2307887395
Lithuania,LTU,3499536,3470818,3443067,3415213,3377075,3322528,3269909,3231294,3198231,3162916,3097282,3028115,2987773,2957689,2932367,2904910,2868231,2828403,2801543,2794137,2794700
Luxembourg,LUX,436300,441525,446175,451630,458095,465158,472637,479993,488650,497783,506953,518347,530946,543360,556319,569604,582014,596336,607950,620001,632275
Latvia,LVA,2367550,2337170,2310173,2287955,2263122,2238799,2218357,2200325,2177322,2141669,2097555,2059709,2034319,2012647,1993782,1977527,1959537,1942248,1927174,1913822,1901548
"Macao SAR, China",MAC,427772,437928,448813,460157,471600,482863,493804,504504,515232,526401,538215,550833,564037,577368,590210,602093,612824,622578,631633,640446,649342
St. Martin (French part),MAF,28935,29847,30913,32055,33187,34252,35240,36138,36880,37380,37582,37451,37012,36458,36018,35865,36061,36569,37264,38002,38659
Morocco,MAR,28793672,29126323,29454765,29782884,30115196,30455563,30804689,31163670,31536807,31929087,32343384,32781860,33241898,33715705,34192358,34663608,35126274,35581257,36029089,36471766,36910558
Monaco,MCO,32148,32474,32804,33144,33499,33842,34189,34524,34860,35223,35609,36025,36459,36899,37320,37723,38070,38392,38682,38967,39244
Moldova,MDA,2923783,2917252,2910504,2902320,2895147,2888111,2880095,2873429,2867964,2864346,2861487,2859833,2859458,2858692,2856950,2834530,2802170,2755158,2708214,2663251,2617820
Madagascar,MDG,15766806,16260933,16765122,17279139,17802992,18336722,18880265,19433520,19996476,20569115,21151640,21743970,22346641,22961259,23589897,24234080,24894370,25570511,26262313,26969306,27691019
Maldives,MDV,279396,286309,294185,302681,311265,319604,327489,335172,343448,353391,365730,380493,397231,415592,435018,454914,475505,496398,515704,530957,540542
Middle East & North Africa,MEA,315326781,321297196,327362274,333608806,340143477,347029862,354302465,361929175,369823227,377883960,385917928,393942668,401968363,409968633,417924350,425821771,433616042,441298977,448974232,456709496,464554123
Mexico,MEX,98899845,100298152,101684764,103081020,104514934,106005199,107560155,109170503,110815272,112463886,114092961,115695468,117274156,118827158,120355137,121858251,123333379,124777326,126190782,127575529,128932753
Marshall Islands,MHL,50754,51411,52368,53465,54476,55257,55765,56046,56166,56255,56361,56524,56712,56933,57183,57444,57723,58053,58412,58791,59194
Middle income,MIC,4628232414,4689019618,4748863462,4808439643,4867805919,4927197493,4986384065,5045297678,5104749071,5164826856,5225459282,5286883542,5348757979,5411425495,5474458691,5537592502,5601151400,5664768985,5726499645,5786162963,5844325339
North Macedonia,MKD,2034823,2042844,2048930,2053426,2057044,2060280,2063132,2065408,2067309,2069030,2070737,2072484,2074275,2076065,2077780,2079335,2080746,2081996,2082957,2083458,2083380
Mali,MLI,10946448,11271603,11616890,11982692,12369078,12775509,13203378,13651455,14113578,14581427,15049352,15514593,15979492,16449854,16934213,17438772,17965448,18512429,19077755,19658023,20250834
Malta,MLT,390087,393028,395969,398582,401268,403834,405308,406724,409379,412477,414508,416268,420028,425967,434558,445053,455356,467999,484630,504062,525285
Myanmar,MMR,46719698,47225119,47702163,48148907,48564489,48949931,49301049,49621479,49929642,50250366,50600827,50990612,51413703,51852464,52280816,52680724,53045199,53382521,53708318,54045422,54409794
Middle East & North Africa (excluding high income),MNA,279279614,284249005,289264351,294343659,299502746,304755514,310109431,315573363,321168746,326900966,332777842,338813060,344998428,351290405,357629838,363975556,370294017,376588457,382955167,389457075,396147843
Montenegro,MNE,604950,607389,609828,612267,613353,614261,615025,615875,616969,618294,619428,620079,620601,621207,621810,622159,622303,622373,622227,622028,621718
Mongolia,MNG,2397417,2419594,2443261,2468765,2496394,2526429,2558854,2593819,2631899,2673794,2719902,2770357,2824698,2881783,2940111,2998433,3056358,3113788,3170214,3225166,3278292
Northern Mariana Islands,MNP,57453,58319,58412,57954,57240,56547,55886,55215,54621,54194,53971,54013,54306,54786,55301,55779,56187,56553,56889,57213,57557
Mozambique,MOZ,17711925,18221884,18764147,19331097,19910549,20493927,21080108,21673319,22276596,22894718,23531567,24187500,24862673,25560752,26286192,27042001,27829930,28649007,29496009,30366043,31255435
Mauritania,MRT,2630217,2702405,2778097,2857150,2939246,3024198,3111908,3202512,3296237,3393408,3494200,3598646,3706555,3817497,3930894,4046304,4163532,4282582,4403312,4525698,4649660
Mauritius,MUS,1186873,1196287,1204621,1213370,1221003,1228254,1233996,1239630,1244121,1247429,1250400,1252404,1255882,1258653,1260934,1262605,1263473,1264613,1265303,1265711,1265740
Malawi,MWI,11148751,11432001,11713663,12000183,12301837,12625950,12973693,13341808,13727899,14128161,14539609,14962118,15396010,15839287,16289550,16745305,17205253,17670193,18143215,18628749,19129955
Malaysia,MYS,23194252,23709115,24208391,24698821,25190647,25690615,26201954,26720367,27236003,27735038,28208028,28650962,29068189,29468923,29866606,30270965,30684652,31104655,31528033,31949789,32365998
North America,NAC,312909974,316052361,319048184,321815286,324809693,327824506,331015609,334185120,337406357,340466060,343397156,345987373,348656682,351207902,353888902,356507139,359245796,361731296,363967296,365987250,367553264
Namibia,NAM,1794583,1823667,1851519,1879113,1907737,1938316,1971318,2006516,2043382,2081039,2118877,2156698,2194777,2233506,2273426,2314901,2358044,2402623,2448300,2494524,2540916
New Caledonia,NCL,213230,217324,221490,225296,228750,232250,235750,239250,242750,245950,249750,254350,259000,263650,268050,268700,269350,270000,270650,271300,271960
Niger,NER,11331561,11751364,12189988,12647983,13125914,13624474,14143969,14685404,15250913,15843131,16464025,17114770,17795209,18504287,19240182,20001663,20788789,21602388,22442831,23310719,24206636
Nigeria,NGA,122283853,125394046,128596079,131900634,135320420,138865014,142538305,146339971,150269622,154324939,158503203,162805080,167228803,171765819,176404931,181137454,185960244,190873247,195874685,200963603,206139587
Nicaragua,NIC,5069310,5145367,5219324,5292115,5364930,5438692,5513757,5590066,5667436,5745538,5824058,5903035,5982530,6062462,6142734,6223234,6303970,6384843,6465502,6545503,6624554
Netherlands,NLD,15925513,16046180,16148929,16225302,16281779,16319868,16346101,16381696,16445593,16530388,16615394,16693074,16754962,16804432,16865008,16939923,17030314,17131296,17231624,17344874,17441139
Norway,NOR,4490967,4513751,4538159,4564855,4591910,4623291,4660677,4709153,4768212,4828726,4889252,4953088,5018573,5079623,5137232,5188607,5234519,5276968,5311916,5347896,5379475
Nepal,NPL,23941099,24347113,24725625,25080880,25419337,25744500,26066687,26382586,26666581,26883531,27013207,27041220,26989160,26916795,26905982,27015033,27263430,27632682,28095712,28608715,29136808
Nauru,NRU,10335,10219,10102,9990,9906,9848,9827,9846,9880,9945,10009,10069,10136,10208,10289,10374,10474,10577,10678,10764,10834
New Zealand,NZL,3857700,3880500,3948500,4027200,4087500,4133900,4184600,4223800,4259800,4302600,4350700,4384000,4408100,4442100,4516500,4609400,4714100,4813600,4900600,4979300,5084300
OECD members,OED,1200836415,1209787876,1218855820,1227854277,1236872189,1245821323,1255133872,1264614793,1274522708,1283634878,1292110708,1298723126,1306807834,1315224394,1324034852,1332787383,1341701902,1350048436,1358019416,1364841892,1370858752
Oman,OMN,2267973,2294959,2334860,2386164,2445524,2511254,2580753,2657162,2750956,2876186,3041435,3251102,3498031,3764805,4027255,4267341,4479217,4665926,4829476,4974992,5106622
Other small states,OSS,20917080,21276754,21639144,22018460,22442097,22929069,23486191,24104686,24762404,25417810,26050929,26647965,27227313,27794594,28364446,28948893,29542903,30148954,30760469,31361259,31941786
Pakistan,PAK,142343583,145978408,149549695,153093371,156664698,160304007,164022626,167808106,171648984,175525610,179424643,183340168,187280125,191260799,195305012,199426953,203631356,207906210,212228288,216565317,220892331
Panama,PAN,3030333,3089641,3149195,3209056,3269356,3330222,3391673,3453671,3516204,3579215,3642691,3706479,3770635,3835447,3901311,3968490,4037073,4106764,4176868,4246440,4314768
Peru,PER,26459944,26799289,27100964,27372217,27624226,27866140,28102055,28333050,28562321,28792663,29027680,29264314,29506790,29773986,30090372,30470739,30926036,31444299,31989265,32510462,32971846
Philippines,PHL,77991757,79672869,81365260,83051970,84710544,86326251,87888675,89405482,90901967,92414161,93966784,95570049,97212639,98871558,100513137,102113206,103663812,105172921,106651394,108116622,109581085
Palau,PLW,19104,19390,19642,19812,19861,19784,19545,19159,18708,18290,17954,17748,17635,17603,17625,17665,17718,17809,17911,18001,18092
Papua New Guinea,PNG,5847590,5974627,6098621,6223378,6354247,6494902,6646891,6808503,6976200,7144774,7310512,7472196,7631003,7788388,7946733,8107772,8271766,8438038,8606324,8776119,8947027
Poland,POL,38258629,38248076,38230364,38204570,38182222,38165445,38141267,38120560,38125759,38151603,38042794,38063255,38063164,38040196,38011735,37986412,37970087,37974826,37974750,37965475,37950802
Pre-demographic dividend,PRE,550660000,566366083,582828758,599938100,617518659,635451626,653695057,672318862,691447634,711257518,731868780,753326898,775573262,798496024,821931559,845759372,869943573,894512378,919485090,944902748,970795671
Puerto Rico,PRI,3810605,3818774,3823701,3826095,3826878,3821362,3805214,3782995,3760866,3740410,3721525,3678732,3634488,3593077,3534874,3473232,3406672,3325286,3193354,3193694,3194034
"Korea, Dem. People's Rep.",PRK,22929078,23132982,23339453,23542434,23732740,23904167,24054866,24188330,24310143,24428340,24548840,24673392,24800638,24929500,25057793,25183832,25307665,25429816,25549606,25666158,25778815
Portugal,PRT,10289898,10362722,10419631,10458821,10483861,10503330,10522288,10542964,10558177,10568247,10573100,10557560,10514844,10457295,10401062,10358076,10325452,10300300,10283822,10286263,10305564
Paraguay,PRY,5323202,5428442,5531958,5632983,5730556,5824095,5913212,5998430,6081296,6163970,6248017,6333981,6421510,6510273,6599524,6688746,6777878,6867058,6956069,7044639,7132530
West Bank and Gaza,PSE,2922153,2997784,3075373,3154969,3236626,3320396,3406334,3494496,3591977,3689099,3786161,3882986,3979998,4076708,4173398,4270092,4367088,4454805,4569087,4685306,4803269
Pacific island small states,PSS,1962451,1984469,2006091,2027859,2050583,2074776,2100892,2128647,2157454,2186314,2214509,2241808,2268553,2295450,2323558,2353578,2385744,2419767,2455336,2491878,2528958
Post-demographic dividend,PST,1020504874,1025401797,1030561691,1035711715,1041075191,1046366703,1052054839,1057981930,1064394135,1069878419,1074870583,1077841980,1082374116,1087130325,1092088238,1096977604,1101866343,1105983497,1109795203,1112707633,1115116448
French Polynesia,PYF,240681,244929,248976,252707,255995,258780,261007,262717,264064,265256,266449,267702,268995,270332,271713,273119,274576,276108,277673,279285,280904
Qatar,QAT,592467,615013,640872,681791,753332,865410,1022704,1218441,1436670,1654944,1856329,2035862,2196078,2336579,2459202,2565708,2654379,2724727,2781682,2832071,2881060
Romania,ROU,22442971,22131970,21730496,21574326,21451748,21319685,21193760,20882982,20537875,20367487,20246871,20147528,20058035,19983693,19908979,19815616,19702267,19588715,19473970,19371648,19286123
Russian Federation,RUS,146596869,145976482,145306497,144648618,144067316,143518814,143049637,142805114,142742366,142785349,142849468,142960908,143201721,143506995,143819667,144096870,144342397,144496739,144477859,144406261,144104080
Rwanda,RWA,7933688,8231150,8427061,8557160,8680516,8840220,9043342,9273759,9524532,9782770,10039338,10293333,10549668,10811538,11083629,11369066,11668829,11980960,12301969,12626938,12952209
South Asia,SAS,1390946065,1416822995,1442644044,1468324423,1493757846,1518861546,1543610686,1568003175,1592010815,1615610187,1638792927,1661532158,1683740452,1705761545,1727632022,1749417067,1771187426,1792883164,1814455018,1835776769,1856882402
Saudi Arabia,SAU,20663840,21202646,21805322,22456645,23132686,23816175,24498313,25184589,25888535,26630303,27421468,28267591,29154906,30052058,30916603,31717676,32443443,33101183,33702757,34268529,34813867
Sudan,SDN,27275019,27971077,28704786,29460517,30214189,30949514,31661824,32360619,33060844,33783779,34545014,35349676,36193781,37072555,37977657,38902948,39847433,40813398,41801532,42813237,43849269
Senegal,SEN,9797731,10036102,10283694,10541470,10810086,11090123,11382272,11687078,12004700,12335092,12678143,13033814,13401990,13782429,14174740,14578450,14993514,15419354,15854324,16296362,16743930
Singapore,SGP,4027887,4138012,4175950,4114826,4166664,4265762,4401365,4588599,4839396,4987573,5076732,5183688,5312437,5399162,5469724,5535002,5607283,5612253,5638676,5703569,5685807
Solomon Islands,SLB,412665,423949,435434,447016,458549,469918,481086,492133,503366,515182,527861,541522,556066,571329,587079,603133,619438,636030,652856,669821,686878
Sierra Leone,SLE,4584570,4754069,4965770,5201074,5433995,5645629,5829240,5989641,6133599,6272735,6415636,6563238,6712586,6863975,7017153,7171909,7328846,7488427,7650149,7813207,7976985
El Salvador,SLV,5887930,5927001,5962139,5994075,6023801,6052124,6079395,6105810,6131767,6157678,6183877,6210567,6237922,6266076,6295124,6325121,6356137,6388124,6420740,6453550,6486201
San Marino,SMR,27460,27818,28175,28561,28942,29324,29694,30068,30434,30825,31221,31655,32103,32554,32941,33270,33503,33671,33784,33864,33938
Somalia,SOM,8872250,9186719,9501335,9815412,10130251,10446856,10763904,11080122,11397188,11717691,12043886,12376305,12715487,13063711,13423571,13797204,14185635,14589165,15008225,15442906,15893219
Serbia,SRB,7516346,7503433,7496522,7480591,7463157,7440769,7411569,7381579,7350222,7320807,7291436,7234099,7199077,7164132,7130576,7095383,7058322,7020858,6982604,6945235,6908224
Sub-Saharan Africa (excluding high income),SSA,665246457,682874821,700982474,719633384,738900772,758841806,779482246,800823534,822858534,845567911,868935345,892958422,917637577,942949525,968866993,995365079,1022435568,1050066967,1078222750,1106860245,1135948313
South Sudan,SSD,6199396,6447791,6688225,6935665,7213354,7535931,7907407,8315144,8736932,9142258,9508372,9830695,10113648,10355030,10554882,10715657,10832520,10910774,10975924,11062114,11193729
Sub-Saharan Africa,SSF,665327588,682956023,701066197,719716165,738983247,758924664,779566846,800908567,822945490,845655209,869025115,893045863,917725880,943039474,968958352,995458498,1022530245,1050162810,1078319512,1106957870,1136046775
Small states,SST,29393017,29820320,30250201,30697300,31189665,31746502,32375205,33066727,33798831,34529570,35238631,35912140,36568506,37213359,37861447,38524668,39198032,39883677,40574734,41254526,41913035
Sao Tome and Principe,STP,142264,144760,147450,150405,153736,157472,161676,166297,171122,175877,180372,184521,188394,192076,195727,199439,203221,207086,211032,215048,219161
Suriname,SUR,470944,476574,482228,487938,493680,499461,505292,511181,517122,523113,529126,535177,541247,547295,553278,559136,564883,570501,575987,581363,586634
Slovak Republic,SVK,5388720,5378867,5376912,5373374,5372280,5372807,5373054,5374622,5379233,5386406,5391428,5398384,5407579,5413393,5418649,5423801,5430798,5439232,5446771,5454147,5458827
Slovenia,SVN,1988925,1992060,1994530,1995733,1997012,2000474,2006868,2018122,2021316,2039669,2048583,2052843,2057159,2059953,2061980,2063531,2065042,2066388,2073894,2088385,2100126
Sweden,SWE,8872109,8895960,8924958,8958229,8993531,9029572,9080505,9148092,9219637,9298515,9378126,9449213,9519374,9600379,9696110,9799186,9923085,10057698,10175214,10278887,10353442
Eswatini,SWZ,1005432,1013608,1019054,1022796,1026287,1030575,1036095,1042651,1049948,1057462,1064841,1072029,1079285,1086843,1095022,1104038,1113994,1124808,1136274,1148133,1160164
Sint Maarten (Dutch part),SXM,30519,30600,30777,31472,32488,33011,33441,33811,33964,34238,34056,33435,34640,36607,37685,38825,39969,40574,40654,40733,40812
Seychelles,SYC,81131,81202,83723,82781,82475,82858,84600,85033,86956,87298,89770,87441,88303,89949,91359,93419,94677,95843,96762,97625,98462
Syrian Arab Republic,SYR,16410847,16766555,17084628,17415214,17827827,18361178,19059257,19878257,20664037,21205873,21362541,21081814,20438861,19578466,18710711,17997411,17465567,17095669,16945062,17070132,17500657
Turks and Caicos Islands,TCA,20171,21578,23230,25008,26709,28181,29394,30383,31200,31933,32658,33371,34067,34733,35371,35979,36558,37116,37667,38194,38718
Chad,TCD,8355654,8678049,9019226,9373913,9734761,10096630,10457122,10818031,11183589,11560142,11952134,12360986,12784748,13220433,13663562,14110971,14561658,15016761,15477727,15946882,16425859
East Asia & Pacific (IDA & IBRD countries),TEA,1793498345,1810261111,1826238741,1841560611,1856486255,1871341383,1885806879,1899800479,1913718217,1927560597,1941377365,1955333874,1969561377,1983961912,1998510237,2012978425,2027772092,2042693823,2056073849,2067982370,2079198305
Europe & Central Asia (IDA & IBRD countries),TEC,434313565,433863004,433541378,433680250,434022280,434427808,434964327,435646350,436828065,438498963,440420863,442655860,444896570,447365261,449817266,452301310,454723324,456992326,458994120,460791608,462247461
Togo,TGO,4924406,5062571,5197040,5330629,5467770,5611643,5762881,5920360,6083417,6250840,6421674,6595939,6773807,6954721,7137997,7323162,7509952,7698476,7889095,8082359,8278737
Thailand,THA,62952639,63539190,64069093,64549867,64995303,65416189,65812540,66182064,66530980,66866834,67195032,67518379,67835969,68144519,68438748,68714519,68971313,69209817,69428454,69625581,69799978
Tajikistan,TJK,6216329,6318510,6426861,6541550,6662391,6789318,6922590,7062667,7209924,7364752,7527397,7697507,7874838,8059782,8252828,8454019,8663575,8880270,9100847,9321023,9537642
Turkmenistan,TKM,4516128,4564087,4610018,4655752,4703396,4754652,4810114,4870142,4935765,5007953,5087211,5174076,5267906,5366376,5466324,5565283,5662371,5757667,5850902,5942094,6031187
Latin America & the Caribbean (IDA & IBRD countries),TLA,504921279,512247446,519420841,526462542,533415243,540306150,547139431,553909998,560624662,567289597,573800616,580428448,586999600,593506947,599935349,606271936,612511541,618653508,624698076,630644771,636492840
Timor-Leste,TLS,884366,901214,922699,947110,971889,995130,1016437,1036388,1055428,1074286,1093517,1113154,1133002,1153288,1174333,1196294,1219289,1243260,1267975,1293120,1318442
Middle East & North Africa (IDA & IBRD countries),TMN,276357461,281251221,286188978,291188690,296266120,301435118,306703097,312078867,317576769,323211867,328991681,334930074,341018430,347213697,353456440,359705464,365926929,372133652,378386080,384771769,391344574
Tonga,TON,97962,98482,99023,99591,100214,100908,101714,102577,103384,103897,103981,103558,102736,101768,101023,100780,101143,102002,103199,104497,105697
South Asia (IDA & IBRD),TSA,1390946065,1416822995,1442644044,1468324423,1493757846,1518861546,1543610686,1568003175,1592010815,1615610187,1638792927,1661532158,1683740452,1705761545,1727632022,1749417067,1771187426,1792883164,1814455018,1835776769,1856882402
Sub-Saharan Africa (IDA & IBRD countries),TSS,665327588,682956023,701066197,719716165,738983247,758924664,779566846,800908567,822945490,845655209,869025115,893045863,917725880,943039474,968958352,995458498,1022530245,1050162810,1078319512,1106957870,1136046775
Trinidad and Tobago,TTO,1267159,1271627,1277210,1283564,1290115,1296497,1302552,1308450,1314449,1320921,1328144,1336180,1344814,1353708,1362337,1370332,1377563,1384060,1389841,1394969,1399491
Tunisia,TUN,9708347,9793915,9871261,9945282,10022278,10106778,10201211,10304729,10414425,10525691,10635245,10741872,10846993,10952949,11063195,11179951,11303942,11433438,11565203,11694721,11818618
Turkey,TUR,63240196,64192243,65145357,66089402,67010930,67903461,68756809,69581854,70418612,71321406,72326992,73443254,74651046,75925454,77229262,78529413,79827868,81116451,82340090,83429607,84339067
Tuvalu,TUV,9392,9478,9593,9724,9871,9997,10118,10219,10315,10413,10521,10626,10744,10849,10973,11099,11232,11365,11505,11655,11792
Tanzania,TZA,33499177,34385849,35334790,36337778,37379766,38450323,39548666,40681416,41853944,43073830,44346532,45673520,47053033,48483132,49960563,51482638,53049231,54660345,56313444,58005461,59734213
Uganda,UGA,23650159,24388974,25167261,25980547,26821300,27684590,28571475,29486335,30431734,31411096,32428164,33476772,34558700,35694519,36911530,38225447,39649173,41166588,42729032,44269587,45741000
Ukraine,UKR,49176500,48662400,48202470,47812949,47451626,47105171,46787786,46509355,46258189,46053331,45870741,45706086,45593342,45489648,45272155,45154036,45004673,44831135,44622518,44386203,44134693
Upper middle income,UMC,2183135807,2201118779,2218183948,2234927005,2251348403,2267638257,2283522019,2298891545,2314543121,2330554141,2346583878,2363223603,2380514071,2398238099,2416209716,2434023245,2452128845,2470251443,2486467779,2500746096,2513672792
Uruguay,URY,3319734,3325471,3326046,3323661,3321486,3321799,3325403,3331753,3340221,3349676,3359273,3368926,3378975,3389436,3400439,3412013,3424139,3436645,3449290,3461731,3473727
United States,USA,282162411,284968955,287625193,290107933,292805298,295516599,298379912,301231207,304093966,306771529,309327143,311583481,313877662,316059947,318386329,320738994,323071755,325122128,326838199,328329953,329484123
Uzbekistan,UZB,24650400,24964450,25271850,25567650,25864350,26167000,26488250,26868000,27302800,27767400,28562400,29339400,29774500,30243200,30757700,31298900,31847900,32388600,32956100,33580350,34232050
St. Vincent and the Grenadines,VCT,107787,107893,108095,108322,108520,108617,108602,108516,108401,108293,108260,108315,108435,108624,108868,109135,109467,109826,110210,110593,110947
"Venezuela, RB",VEN,24192449,24646471,25100407,25551624,25996594,26432445,26850190,27247601,27635827,28031010,28439942,28887873,29360827,29781046,30042973,30081827,29851249,29402480,28887117,28515829,28435943
British Virgin Islands,VGB,20313,20675,21128,21674,22329,23106,24022,25050,26096,27035,27796,28326,28654,28850,28985,29148,29355,29567,29795,30033,30237
Virgin Islands (U.S.),VIR,108642,108549,108509,108505,108466,108453,108369,108337,108397,108404,108357,108290,108188,108041,107882,107712,107516,107281,107001,106669,106290
Vietnam,VNM,79910411,80742500,81534406,82301650,83062819,83832662,84617545,85419588,86243424,87092250,87967655,88871384,89801926,90752593,91713850,92677082,93640435,94600643,95545959,96462108,97338583
Vanuatu,VUT,184964,189209,193927,198960,204123,209282,214379,219464,224700,230244,236216,242658,249505,256637,263888,271128,278326,285499,292675,299882,307150
World,WLD,6114332517,6193671694,6272753009,6351882385,6431551721,6511748273,6592734559,6674203697,6757020825,6839574233,6921877071,7002880914,7085790438,7169675197,7254292848,7339076654,7424484741,7509410228,7592475615,7673345391,7752840547
Samoa,WSM,174454,175394,176410,177481,178597,179722,180874,182045,183270,184553,185944,187469,189089,190712,192220,193510,194540,195358,196128,197093,198410
Kosovo,XKX,1700000,1701154,1702310,1703466,1704622,1705780,1719536,1733404,1747383,1761474,1775680,1791000,1807106,1818117,1812771,1788196,1777557,1791003,1797085,1788878,1775378
"Yemen, Rep.",YEM,17409071,17918369,18443684,18985001,19540096,20107416,20687648,21282514,21892149,22516464,23154854,23807586,24473176,25147112,25823488,26497881,27168210,27834811,28498683,29161922,29825968
South Africa,ZAF,44967713,45571272,46150913,46719203,47291610,47880595,48489464,49119766,49779472,50477013,51216967,52003759,52832659,53687125,54544184,55386369,56207649,57009751,57792520,58558267,59308690
Zambia,ZMB,10415942,10692197,10971704,11256740,11550641,11856244,12173518,12502958,12848531,13215142,13605986,14023199,14465148,14926551,15399793,15879370,16363449,16853608,17351714,17861034,18383956
Zimbabwe,ZWE,11881482,11923906,11954293,11982219,12019911,12076697,12155496,12255920,12379553,12526964,12697728,12894323,13115149,13350378,13586710,13814642,14030338,14236599,14438812,14645473,14862927