rank,player,id,team,age,pos,yards_before_catch,ybc_per_reception,yards_after_catch,before_catch_perc,yac_per_reception,depth_of_target,broken_tackles,broken_tackles_per_reception,drops,drop_perc,interceptions_on_targets,passer_rating,games,games_started,targets,receptions,catch_perc,yards,yards_per_reception,td_per_reception,td,firstdowns_per_reception,first_downs,long,yards_per_target,receptions_per_game,yards_per_game,fumbles,fum_per_reception
1,Stefon Diggs*+,DiggSt00,BUF,27,WR,1071,8.4,464,0.69771987,3.7,10.1,5,0.039370079,8,4.8,2,115.4,16,15,166,127,0.765,1535,12.1,0.062992126,8,0.57480315,73,55,9.2,7.9,95.9,0,0
5,Travis Kelce*+,KelcTr00,KAN,31,TE,829,7.9,587,0.585451977,5.6,8.5,10,0.095238095,2,1.4,3,119.8,15,15,145,105,0.724,1416,13.5,0.104761905,11,0.752380952,79,45,9.8,7,94.4,1,0.00952381
3,DeAndre Hopkins*,HopkDe00,ARI,28,WR,873,7.6,534,0.620469083,4.6,8.9,15,0.130434783,2,1.3,2,105.9,16,16,160,115,0.719,1407,12.2,0.052173913,6,0.652173913,75,60,8.8,7.2,87.9,3,0.026086957
15,Justin Jefferson *,JeffJu00,MIN,21,WR,947,10.8,453,0.676428571,5.1,11.4,9,0.102272727,2,1.6,4,112.7,16,14,125,88,0.704,1400,15.9,0.079545455,7,0.659090909,58,71,11.2,5.5,87.5,1,0.011363636
2,Davante Adams*+,AdamDa01,GNB,28,WR,777,6.8,597,0.565502183,5.2,8.9,2,0.017391304,1,0.7,3,136,14,14,149,115,0.772,1374,11.9,0.156521739,18,0.634782609,73,56,9.2,8.2,98.1,1,0.008695652
13,Calvin Ridley,RidlCa00,ATL,26,WR,1099,12.2,275,0.79985444,3.1,14.3,3,0.033333333,6,4.2,5,101,15,15,143,90,0.629,1374,15.3,0.1,9,0.722222222,65,63,9.6,6,91.6,1,0.011111111
20,D.K. Metcalf*,MetcDK00,SEA,23,WR,940,11.3,363,0.721412126,4.4,13.7,8,0.096385542,8,6.2,4,110.7,16,16,129,83,0.643,1303,15.7,0.120481928,10,0.759036145,63,62,10.1,5.2,81.4,1,0.012048193
17,Tyreek Hill*+,HillTy00,KAN,26,WR,842,9.7,434,0.659874608,5,12.9,8,0.091954023,5,3.7,1,129.1,15,15,135,87,0.644,1276,14.7,0.172413793,15,0.655172414,57,75,9.5,5.8,85.1,1,0.011494253
6,Allen Robinson,RobiAl02,CHI,27,WR,931,9.1,319,0.7448,3.1,9.6,5,0.049019608,3,2,5,92.3,16,16,151,102,0.675,1250,12.3,0.058823529,6,0.666666667,68,42,8.3,6.4,78.1,0,0
4,Darren Waller*,WallDa01,LVR,28,TE,624,5.8,572,0.52173913,5.3,7.8,7,0.065420561,4,2.8,3,110,16,15,145,107,0.738,1196,11.2,0.08411215,9,0.644859813,69,38,8.2,6.7,74.8,2,0.018691589
36,D.J. Moore,MoorD.00,CAR,23,WR,811,12.3,382,0.679798826,5.8,13.2,6,0.090909091,7,5.9,9,70.3,15,14,118,66,0.559,1193,18.1,0.060606061,4,0.803030303,53,74,10.1,4.4,79.5,0,0
22,Brandin Cooks,CookBr00,HOU,27,WR,800,9.9,350,0.695652174,4.3,11.8,3,0.037037037,2,1.7,4,101.9,15,15,119,81,0.681,1150,14.2,0.074074074,6,0.62962963,51,57,9.7,5.4,76.7,0,0
18,Terry McLaurin,McLaTe00,WAS,25,WR,640,7.4,478,0.572450805,5.5,9.7,9,0.103448276,3,2.2,3,91.6,15,15,134,87,0.649,1118,12.9,0.045977011,4,0.586206897,51,68,8.3,5.8,74.5,1,0.011494253
11,Amari Cooper,CoopAm00,DAL,26,WR,701,7.6,413,0.629263914,4.5,8.8,5,0.054347826,3,2.3,4,96.8,16,15,130,92,0.708,1114,12.1,0.054347826,5,0.586956522,54,69,8.6,5.8,69.6,0,0
10,Robby Anderson,AndeRo04,CAR,27,WR,599,6.3,497,0.546532847,5.2,9.7,3,0.031578947,6,4.4,2,95.1,16,16,136,95,0.699,1096,11.5,0.031578947,3,0.515789474,49,75,8.1,5.9,68.5,1,0.010526316
32,A.J. Brown*,BrowAJ00,TEN,23,WR,643,9.2,432,0.598139535,6.2,10.9,13,0.185714286,5,4.7,2,126.1,14,12,106,70,0.66,1075,15.4,0.157142857,11,0.785714286,55,73,10.1,5,76.8,2,0.028571429
8,Tyler Lockett,LockTy00,SEA,28,WR,727,7.3,327,0.689753321,3.3,9.7,2,0.02,8,6.1,1,120.6,16,16,132,100,0.758,1054,10.5,0.1,10,0.57,57,47,8,6.3,65.9,1,0.01
33,Mike Evans,EvanMi00,TAM,27,WR,741,10.6,265,0.736580517,3.8,12.1,2,0.028571429,4,3.7,2,126,16,16,109,70,0.642,1006,14.4,0.185714286,13,0.785714286,55,50,9.2,4.4,62.9,0,0
7,Keenan Allen *,AlleKe00,LAC,28,WR,555,5.6,437,0.559475806,4.4,7.2,2,0.02,3,2,5,90.9,14,13,147,100,0.68,992,9.9,0.08,8,0.61,61,28,6.7,7.1,70.9,3,0.03
38,Corey Davis,DaviCo03,TEN,25,WR,693,10.7,291,0.704268293,4.5,11.7,3,0.046153846,3,3.3,0,123.6,14,12,92,65,0.707,984,15.1,0.076923077,5,0.753846154,49,75,10.7,4.6,70.3,1,0.015384615
26,Marvin Jones,JoneMa02,DET,30,WR,782,10.3,196,0.799591002,2.6,12.7,5,0.065789474,6,5.2,4,104.2,16,16,115,76,0.661,978,12.9,0.118421053,9,0.684210526,52,43,8.5,4.8,61.1,0,0
12,Cooper Kupp,KuppCo00,LAR,27,WR,449,4.9,525,0.460985626,5.7,6,12,0.130434783,6,4.8,3,94.6,15,12,124,92,0.742,974,10.6,0.032608696,3,0.47826087,44,55,7.9,6.1,64.9,1,0.010869565
21,Cole Beasley,BeasCo00,BUF,31,wr,612,7.5,355,0.632885212,4.3,7.8,1,0.012195122,2,1.9,2,108.3,15,10,107,82,0.766,967,11.8,0.048780488,4,0.646341463,53,35,9,5.5,64.5,0,0
14,Robert Woods,WoodRo02,LAR,28,WR,442,4.9,494,0.472222222,5.5,6.7,2,0.022222222,4,3.1,5,89.8,16,16,129,90,0.698,936,10.4,0.066666667,6,0.488888889,44,56,7.3,5.6,58.5,2,0.022222222
27,CeeDee Lamb,LambCe00,DAL,21,WR,624,8.4,311,0.667379679,4.2,9.3,3,0.040540541,8,7.2,2,100.2,16,14,111,74,0.667,935,12.6,0.067567568,5,0.621621622,46,52,8.4,4.6,58.4,2,0.027027027
28,Adam Thielen,ThieAd00,MIN,30,WR,682,9.2,243,0.737297297,3.3,11.5,2,0.027027027,7,6.5,4,119,15,15,108,74,0.685,925,12.5,0.189189189,14,0.702702703,52,51,8.6,4.9,61.7,0,0
16,Diontae Johnson,JohnDi01,PIT,24,WR,529,6,394,0.573131094,4.5,7.9,5,0.056818182,13,9,2,90.1,15,13,144,88,0.611,923,10.5,0.079545455,7,0.511363636,45,47,6.4,5.9,61.5,2,0.022727273
34,Tee Higgins,HiggTe00,CIN,21,WR,598,8.9,310,0.658590308,4.6,11.5,5,0.074626866,8,7.4,1,103.5,16,14,108,67,0.62,908,13.6,0.089552239,6,0.776119403,52,67,8.4,4.2,56.8,1,0.014925373
82,Nelson Agholor,AghoNe00,LVR,27,WR,666,13.9,230,0.743303571,4.8,15.5,3,0.0625,5,6.1,3,113.7,16,13,82,48,0.585,896,18.7,0.166666667,8,0.770833333,37,85,10.9,3,56,0,0
67,Will Fuller,FullWi01,HOU,26,WR,588,11.1,291,0.66894198,5.5,12.5,4,0.075471698,3,4,2,134.2,11,11,75,53,0.707,879,16.6,0.150943396,8,0.716981132,38,77,11.7,4.8,79.9,0,0
44,Chase Claypool,ClayCh01,PIT,22,wr,544,8.8,329,0.623138603,5.3,13.2,3,0.048387097,6,5.5,0,110.4,16,6,109,62,0.569,873,14.1,0.14516129,9,0.661290323,41,84,8,3.9,54.6,3,0.048387097
71,Jerry Jeudy,JeudJe00,DEN,21,WR,572,11,284,0.668224299,5.5,13.5,5,0.096153846,10,8.8,6,58.7,16,14,113,52,0.46,856,16.5,0.057692308,3,0.75,39,92,7.6,3.3,53.5,2,0.038461538
25,Curtis Samuel,SamuCu00,CAR,24,wr,531,6.9,320,0.623971798,4.2,7.3,4,0.051948052,5,5.2,1,109.2,15,5,97,77,0.794,851,11.1,0.038961039,3,0.506493506,39,44,8.8,5.1,56.7,1,0.012987013
52,Michael Gallup,GallMi00,DAL,24,WR,591,10,252,0.701067616,4.3,11.8,7,0.118644068,6,5.7,0,98.2,16,15,105,59,0.562,843,14.3,0.084745763,5,0.745762712,44,55,8,3.7,52.7,0,0
24,Tyler Boyd,BoydTy00,CIN,26,wr,491,6.2,350,0.583828775,4.4,8.5,1,0.012658228,2,1.8,4,90.8,15,8,110,79,0.718,841,10.6,0.050632911,4,0.544303797,43,72,7.6,5.3,56.1,1,0.012658228
30,Jarvis Landry,LandJa00,CLE,28,WR,499,6.9,341,0.594047619,4.7,8.2,4,0.055555556,6,5.9,1,101.9,15,14,101,72,0.713,840,11.7,0.041666667,3,0.638888889,46,32,8.3,4.8,56,2,0.027777778
39,Chris Godwin,GodwCh00,TAM,24,WR,560,8.6,280,0.666666667,4.3,10.2,2,0.030769231,3,3.6,1,131.1,12,12,84,65,0.774,840,12.9,0.107692308,7,0.661538462,43,47,10,5.4,70,1,0.015384615
9,JuJu Smith-Schuster,SmitJu00,PIT,24,WR,422,4.4,409,0.507821901,4.2,5.5,4,0.041237113,3,2.3,5,99.4,16,14,128,97,0.758,831,8.6,0.092783505,9,0.494845361,48,31,6.5,6.1,51.9,3,0.030927835
42,DeVante Parker,ParkDe01,MIA,27,WR,620,9.8,173,0.78184111,2.7,9.7,6,0.095238095,6,5.8,2,90,14,11,103,63,0.612,793,12.6,0.063492063,4,0.714285714,45,31,7.7,4.5,56.6,1,0.015873016
29,Russell Gage,GageRu00,ATL,24,wr,505,7,281,0.642493639,3.9,8.5,4,0.055555556,7,6.4,1,95.6,16,8,109,72,0.661,786,10.9,0.055555556,4,0.694444444,50,35,7.2,4.5,49.1,0,0
74,Julio Jones,JoneJu02,ATL,31,wr,540,10.6,231,0.700389105,4.5,11.2,7,0.137254902,3,4.4,0,126.5,9,9,68,51,0.75,771,15.1,0.058823529,3,0.705882353,36,44,11.3,5.7,85.7,0,0
55,Marquise Brown,BrowMa04,BAL,23,WR,495,8.5,274,0.643693108,4.7,12.9,4,0.068965517,6,6,4,92.5,16,14,100,58,0.58,769,13.3,0.137931034,8,0.603448276,35,70,7.7,3.6,48.1,0,0
58,T.Y. Hilton,HiltT.00,IND,31,WR,568,10.1,194,0.745406824,3.5,12.5,3,0.053571429,3,3.2,3,90.9,15,15,93,56,0.602,762,13.6,0.089285714,5,0.75,42,50,8.2,3.7,50.8,0,0
19,Alvin Kamara *,KamaAl00,NOR,25,rb,25,0.3,731,0.033068783,8.8,0.6,16,0.192771084,9,8.4,1,107.8,15,10,107,83,0.776,756,9.1,0.060240964,5,0.421686747,35,52,7.1,5.5,50.4,1,0.012048193
85,Mike Williams,WillMi07,LAC,26,WR,594,12.4,162,0.785714286,3.4,14.5,0,0,3,3.5,2,96,15,11,85,48,0.565,756,15.8,0.104166667,5,0.729166667,35,64,8.9,3.2,50.4,0,0
77,Darius Slayton,SlayDa01,NYG,23,WR,592,11.8,159,0.78828229,3.2,12.6,1,0.02,6,6.3,2,79.8,16,15,96,50,0.521,751,15,0.06,3,0.76,38,41,7.8,3.1,46.9,1,0.02
48,Brandon Aiyuk,AiyuBr00,SFO,22,WR,459,7.7,289,0.613636364,4.8,9.4,7,0.116666667,5,5.2,4,86.6,12,11,96,60,0.625,748,12.5,0.083333333,5,0.7,42,49,7.8,5,62.3,0,0
75,Tim Patrick,PatrTi00,DEN,27,WR,504,9.9,238,0.679245283,4.7,12.5,3,0.058823529,0,0,3,104.5,15,15,79,51,0.646,742,14.5,0.117647059,6,0.647058824,33,61,9.4,3.4,49.5,0,0
53,Jakobi Meyers,MeyeJa01,NWE,24,wr,513,8.7,216,0.703703704,3.7,10.2,4,0.06779661,4,4.9,2,90,14,9,81,59,0.728,729,12.4,0,0,0.627118644,37,35,9,4.2,52.1,1,0.016949153
47,Emmanuel Sanders,SandEm00,NOR,33,wr,556,9.1,170,0.76584022,2.8,8.8,3,0.049180328,3,3.7,2,111.1,14,5,82,61,0.744,726,11.9,0.081967213,5,0.540983607,33,51,8.9,4.4,51.9,1,0.016393443
35,T.J. Hockenson *,HockTJ00,DET,23,TE,394,5.9,329,0.544951591,4.9,7,4,0.059701493,7,6.9,4,90.5,16,16,101,67,0.663,723,10.8,0.089552239,6,0.597014925,40,51,7.2,4.2,45.2,1,0.014925373
65,DJ Chark,CharDJ00,JAX,24,WR,541,10.2,165,0.766288952,3.1,14,0,0,2,2.2,5,76.7,13,12,93,53,0.57,706,13.3,0.094339623,5,0.698113208,37,73,7.6,4.1,54.3,0,0
68,Mike Gesicki,GesiMi00,MIA,25,te,536,10.1,167,0.762446657,3.2,11.1,0,0,2,2.4,3,97.3,15,9,85,53,0.624,703,13.3,0.113207547,6,0.679245283,36,70,8.3,3.5,46.9,0,0
54,Mark Andrews,AndrMa00,BAL,25,te,519,8.9,182,0.740370899,3.1,10.2,2,0.034482759,5,5.7,1,112,14,2,88,58,0.659,701,12.1,0.120689655,7,0.637931034,37,39,8,4.1,50.1,2,0.034482759
50,Jamison Crowder,CrowJa00,NYJ,27,wr,372,6.3,327,0.532188841,5.5,7.6,2,0.033898305,3,3.4,3,98.5,12,7,89,59,0.663,699,11.8,0.101694915,6,0.542372881,32,69,7.9,4.9,58.3,0,0
141,Marquez Valdes-Scantling,ValdMa00,GNB,26,WR,449,13.6,241,0.650724638,7.3,18.3,1,0.03030303,7,11.1,2,109.9,16,12,63,33,0.524,690,20.9,0.181818182,6,0.818181818,27,78,11,2.1,43.1,1,0.03030303
45,Noah Fant,FantNo00,DEN,23,TE,296,4.8,377,0.439821694,6.1,6.7,4,0.064516129,5,5.4,2,89.6,15,14,93,62,0.667,673,10.9,0.048387097,3,0.548387097,34,37,7.2,4.1,44.9,0,0
31,Logan Thomas,ThomLo00,WAS,29,TE,382,5.3,288,0.570149254,4,7,3,0.041666667,7,6.4,4,85,16,15,110,72,0.655,670,9.3,0.083333333,6,0.5,36,30,6.1,4.5,41.9,0,0
78,Kendrick Bourne,BourKe00,SFO,25,wr,448,9.1,219,0.671664168,4.5,9.3,3,0.06122449,6,8.1,2,92.6,15,5,74,49,0.662,667,13.6,0.040816327,2,0.714285714,35,49,9,3.3,44.5,0,0
37,Sterling Shepard,ShepSt00,NYG,27,WR,452,6.8,204,0.68902439,3.1,8.3,2,0.03030303,1,1.1,1,100,12,12,90,66,0.733,656,9.9,0.045454545,3,0.560606061,37,29,7.3,5.5,54.7,0,0
60,Hunter Renfrow,RenfHu00,LVR,25,wr,318,5.7,338,0.484756098,6,7.1,5,0.089285714,2,2.6,0,106.8,16,6,77,56,0.727,656,11.7,0.035714286,2,0.571428571,32,53,8.5,3.5,41,2,0.035714286
40,Evan Engram *,EngrEv00,NYG,26,TE,367,5.8,287,0.56116208,4.6,6.9,4,0.063492063,11,10.1,6,55.4,16,14,109,63,0.578,654,10.4,0.015873016,1,0.46031746,29,53,6,3.9,40.9,1,0.015873016
61,Keelan Cole,ColeKe00,JAX,27,wr,468,8.5,174,0.728971963,3.2,10.9,2,0.036363636,6,6.8,1,98.8,16,5,88,55,0.625,642,11.7,0.090909091,5,0.618181818,34,51,7.3,3.4,40.1,0,0
84,George Kittle,KittGe00,SFO,27,te,337,7,297,0.531545741,6.2,7.3,1,0.020833333,5,7.9,2,104.9,8,8,63,48,0.762,634,13.2,0.041666667,2,0.666666667,32,44,10.1,6,79.3,0,0
46,Darnell Mooney,MoonDa00,CHI,23,wr,377,6.2,254,0.597464342,4.2,11.5,8,0.131147541,1,1,2,85.9,16,9,98,61,0.622,631,10.3,0.06557377,4,0.540983607,33,53,6.4,3.8,39.4,1,0.016393443
99,Zach Pascal,PascZa00,IND,26,WR,396,9,233,0.629570747,5.3,10.9,1,0.022727273,3,4.2,2,102.4,16,14,71,44,0.62,629,14.3,0.113636364,5,0.659090909,29,42,8.9,2.8,39.3,0,0
95,Rob Gronkowski,GronRo00,TAM,31,TE,377,8.4,246,0.605136437,5.5,11,1,0.022222222,2,2.6,2,104,16,16,77,45,0.584,623,13.8,0.155555556,7,0.644444444,29,48,8.1,2.8,38.9,1,0.022222222
83,Christian Kirk,KirkCh01,ARI,24,wr,446,9.3,175,0.718196457,3.6,11.8,1,0.020833333,2,2.5,3,95,14,10,79,48,0.608,621,12.9,0.125,6,0.625,30,80,7.9,3.4,44.4,1,0.020833333
72,Josh Reynolds,ReynJo00,LAR,25,WR,393,7.6,225,0.63592233,4.3,10.4,2,0.038461538,3,3.7,2,85.3,16,13,81,52,0.642,618,11.9,0.038461538,2,0.557692308,29,40,7.6,3.3,38.6,2,0.038461538
43,Dalton Schultz,SchuDa00,DAL,24,TE,336,5.3,279,0.546341463,4.4,6.4,8,0.126984127,4,4.5,2,95.5,16,14,89,63,0.708,615,9.8,0.063492063,4,0.523809524,33,28,6.9,3.9,38.4,1,0.015873016
49,Hunter Henry,HenrHu00,LAC,26,TE,387,6.5,226,0.63132137,3.8,8,3,0.05,2,2.2,1,93.2,14,14,93,60,0.645,613,10.2,0.066666667,4,0.583333333,35,33,6.6,4.3,43.8,0,0
87,Damiere Byrd,ByrdDa00,NWE,27,WR,432,9.2,172,0.715231788,3.7,11.5,3,0.063829787,4,5.2,3,73.7,16,14,77,47,0.61,604,12.9,0.021276596,1,0.617021277,29,42,7.8,2.9,37.8,3,0.063829787
90,Danny Amendola,AmenDa00,DET,35,wr,312,6.8,290,0.518272425,6.3,8.1,5,0.108695652,2,2.9,2,81.9,14,5,69,46,0.667,602,13.1,0,0,0.652173913,30,50,8.7,3.3,43,0,0
56,Laviska Shenault Jr.,ShenLa00,JAX,22,WR,302,5.2,298,0.503333333,5.1,6.2,8,0.137931034,3,3.8,0,116,14,12,79,58,0.734,600,10.3,0.086206897,5,0.568965517,33,36,7.6,4.1,42.9,0,0
117,Rashard Higgins,HiggRa00,CLE,26,wr,521,14.1,78,0.869782972,2.1,14.1,0,0,0,0,2,119,13,6,52,37,0.712,599,16.2,0.108108108,4,0.702702703,26,43,11.5,2.8,46.1,3,0.081081081
127,Gabriel Davis,DaviGa01,BUF,21,WR,468,13.4,131,0.78130217,3.7,15.2,1,0.028571429,3,4.8,4,100.1,16,11,62,35,0.565,599,17.1,0.2,7,0.771428571,27,56,9.7,2.2,37.4,1,0.028571429
23,J.D. McKissic,McKiJ.00,WAS,27,rb,86,1.1,503,0.146010187,6.3,1.7,4,0.05,2,1.8,3,79.7,16,7,110,80,0.727,589,7.4,0.025,2,0.4,32,29,5.4,5,36.8,3,0.0375
73,Robert Tonyan,TonyRo00,GNB,26,te,363,7,223,0.619453925,4.3,7.7,0,0,0,0,0,147.6,16,8,59,52,0.881,586,11.3,0.211538462,11,0.634615385,33,45,9.9,3.3,36.6,0,0
59,Hayden Hurst,HursHa00,ATL,27,te,326,5.8,245,0.570928196,4.4,6.8,2,0.035714286,4,4.5,2,95.4,16,9,88,56,0.636,571,10.2,0.107142857,6,0.625,35,42,6.5,3.5,35.7,0,0
102,Mecole Hardman,HardMe00,KAN,22,wr,275,6.7,285,0.491071429,7,10.6,2,0.048780488,8,12.9,0,116.3,16,8,62,41,0.661,560,13.7,0.097560976,4,0.56097561,23,49,9,2.6,35,2,0.048780488
57,Eric Ebron,EbroEr00,PIT,27,te,366,6.5,192,0.655913978,3.4,7.1,0,0,7,7.7,1,92.7,15,9,91,56,0.615,558,10,0.089285714,5,0.535714286,30,27,6.1,3.7,37.2,1,0.017857143
110,Travis Fulgham,FulgTr00,PHI,25,wr,439,11.6,100,0.814471243,2.6,12,3,0.078947368,2,3,1,96.5,13,8,67,38,0.567,539,14.2,0.105263158,4,0.684210526,26,42,8,2.9,41.5,0,0
91,Dallas Goedert,GoedDa00,PHI,25,te,318,6.9,206,0.606870229,4.5,8.5,6,0.130434783,1,1.5,1,103.6,11,9,65,46,0.708,524,11.4,0.065217391,3,0.608695652,28,41,8.1,4.2,47.6,0,0
88,A.J. Green,GreeA.00,CIN,32,WR,437,9.3,86,0.835564054,1.8,13.7,2,0.042553191,3,2.9,3,55.1,16,14,104,47,0.452,523,11.1,0.042553191,2,0.723404255,34,33,5,2.9,32.7,0,0
98,Tyler Higbee,HigbTy00,LAR,27,TE,283,6.4,238,0.54318618,5.4,7.7,4,0.090909091,3,5,0,127.2,15,15,60,44,0.733,521,11.8,0.113636364,5,0.590909091,26,44,8.7,2.9,34.7,0,0
159,Jalen Guyton,GuytJa01,LAC,23,wr,332,11.9,179,0.649706458,6.4,16.3,1,0.035714286,5,9.1,2,86.2,16,9,55,28,0.509,511,18.3,0.107142857,3,0.642857143,18,72,9.3,1.8,31.9,0,0
151,Breshad Perriman,PerrBr02,NYJ,27,WR,345,11.5,160,0.683168317,5.3,15.1,1,0.033333333,3,5,4,67.7,12,12,60,30,0.5,505,16.8,0.1,3,0.666666667,20,53,8.4,2.5,42.1,0,0
116,Jared Cook,CookJa02,NOR,33,te,380,10.3,124,0.753968254,3.4,11.5,2,0.054054054,2,3.3,1,120.4,15,5,60,37,0.617,504,13.6,0.189189189,7,0.72972973,27,46,8.4,2.5,33.6,1,0.027027027
105,Michael Pittman Jr.,PittMi01,IND,23,wr,210,5.3,293,0.41749503,7.3,8.4,2,0.05,1,1.6,1,89.7,13,8,61,40,0.656,503,12.6,0.025,1,0.55,22,45,8.2,3.1,38.7,0,0
138,Scott Miller,MillSc01,TAM,23,wr,392,11.9,109,0.78243513,3.3,15.8,1,0.03030303,2,3.8,2,96.5,16,5,53,33,0.623,501,15.2,0.090909091,3,0.606060606,20,48,9.5,2.1,31.3,0,0
79,Anthony Miller,MillAn02,CHI,26,wr,337,6.9,148,0.694845361,3,9.7,1,0.020408163,4,5.3,3,74.7,16,6,76,49,0.645,485,9.9,0.040816327,2,0.469387755,23,34,6.4,3.1,30.3,2,0.040816327
94,Antonio Brown,BrowAn04,TAM,32,wr,232,5.2,251,0.480331263,5.6,8.9,3,0.066666667,0,0,1,109.8,8,4,62,45,0.726,483,10.7,0.088888889,4,0.6,27,46,7.8,5.6,60.4,0,0
41,Nyheim Hines,HineNy00,IND,24,rb,12,0.2,470,0.024896266,7.5,0.7,5,0.079365079,1,1.3,0,110.6,16,2,76,63,0.829,482,7.7,0.063492063,4,0.380952381,24,29,6.3,3.9,30.1,0,0
143,Cam Sims,SimsCa00,WAS,24,wr,228,7.1,249,0.477987421,7.8,10.9,5,0.15625,1,2.1,3,79.9,16,10,48,32,0.667,477,14.9,0.03125,1,0.5625,18,50,9.9,2,29.8,0,0
104,Chris Conley,ConlCh00,JAX,28,wr,291,7.3,180,0.617834395,4.5,10.3,4,0.1,4,6.3,1,90.1,15,4,63,40,0.635,471,11.8,0.05,2,0.6,24,51,7.5,2.7,31.4,1,0.025
96,Demarcus Robinson,RobiDe01,KAN,26,wr,293,6.5,173,0.628755365,3.8,8.9,1,0.022222222,1,1.7,1,108.4,16,9,59,45,0.763,466,10.4,0.066666667,3,0.577777778,26,28,7.9,2.8,29.1,2,0.044444444
131,John Brown,BrowJo02,BUF,30,wr,281,8.5,177,0.613537118,5.4,12.4,0,0,2,3.8,0,110.9,9,8,52,33,0.635,458,13.9,0.090909091,3,0.666666667,22,46,8.8,3.7,50.9,0,0
76,Jimmy Graham,GrahJi00,CHI,34,TE,258,5.2,198,0.565789474,4,6.8,1,0.02,1,1.3,3,100.5,16,15,76,50,0.658,456,9.1,0.16,8,0.64,32,30,6,3.1,28.5,1,0.02
170,Henry Ruggs III,RuggHe00,LVR,21,WR,307,11.8,145,0.67920354,5.6,17.4,0,0,3,7,1,102.1,13,12,43,26,0.605,452,17.4,0.076923077,2,0.5,13,72,10.5,2,34.8,2,0.076923077
136,Allen Lazard,LazaAl00,GNB,25,wr,256,7.8,195,0.567627494,5.9,10,0,0,5,10.9,0,124.5,10,9,46,33,0.717,451,13.7,0.090909091,3,0.696969697,23,72,9.8,3.3,45.1,0,0
103,Jonnu Smith,SmitJo01,TEN,25,TE,210,5.1,238,0.46875,5.8,5.5,2,0.048780488,3,4.6,2,110.1,15,14,65,41,0.631,448,10.9,0.195121951,8,0.609756098,25,63,6.9,2.7,29.9,0,0
130,Tre'Quan Smith,SmitTr03,NOR,24,wr,313,9.2,135,0.698660714,4,9,5,0.147058824,4,8,0,122.7,14,10,50,34,0.68,448,13.2,0.117647059,4,0.647058824,22,31,9,2.4,32,1,0.029411765
109,Randall Cobb,CobbRa00,HOU,30,wr,270,7.1,171,0.612244898,4.5,6.7,1,0.026315789,0,0,0,125.8,10,2,48,38,0.792,441,11.6,0.078947368,3,0.526315789,20,34,9.2,3.8,44.1,0,0
64,David Montgomery,MontDa01,CHI,23,RB,42,0.8,396,0.095890411,7.3,0.9,11,0.203703704,3,4.4,0,103.3,15,14,68,54,0.794,438,8.1,0.037037037,2,0.462962963,25,28,6.4,3.6,29.2,1,0.018518519
107,Michael Thomas,ThomMi05,NOR,27,wr,356,8.9,82,0.812785388,2.1,9.6,1,0.025,1,1.8,1,88.3,7,5,55,40,0.727,438,11,0,0,0.625,25,24,8,5.7,62.6,0,0
145,Dan Arnold,ArnoDa00,ARI,25,te,265,8.5,173,0.605022831,5.6,12.6,0,0,1,2.2,1,120.4,16,5,45,31,0.689,438,14.1,0.129032258,4,0.774193548,24,59,9.7,1.9,27.4,2,0.064516129
92,Austin Hooper,HoopAu00,CLE,26,TE,261,5.7,174,0.6,3.8,6.4,1,0.02173913,2,2.9,1,95.8,13,13,70,46,0.657,435,9.5,0.086956522,4,0.586956522,27,36,6.2,3.5,33.5,0,0
140,Willie Snead,SneaWi00,BAL,28,wr,245,7.4,187,0.56712963,5.7,8.9,7,0.212121212,3,6.3,1,109,13,8,48,33,0.688,432,13.1,0.090909091,3,0.696969697,23,34,9,2.5,33.2,1,0.03030303
118,Sammy Watkins,WatkSa00,KAN,27,wr,264,7.1,157,0.627078385,4.2,8.1,2,0.054054054,3,5.5,0,102.2,10,9,55,37,0.673,421,11.4,0.054054054,2,0.72972973,27,37,7.7,3.7,42.1,1,0.027027027
69,Greg Ward,WardGr02,PHI,25,wr,255,4.8,164,0.608591885,3.1,5.6,1,0.018867925,2,2.5,2,94.9,16,10,79,53,0.671,419,7.9,0.113207547,6,0.452830189,24,32,5.3,3.3,26.2,2,0.037735849
100,Gerald Everett,EverGe00,LAR,26,te,174,4.2,243,0.417266187,5.9,6.2,6,0.146341463,7,11.3,1,83.9,16,7,62,41,0.661,417,10.2,0.024390244,1,0.585365854,24,40,6.7,2.6,26.1,1,0.024390244
128,David Moore,MoorDa03,SEA,25,wr,248,7.1,169,0.594724221,4.8,8.9,0,0,3,6.4,0,140.7,16,6,47,35,0.745,417,11.9,0.171428571,6,0.514285714,18,57,8.9,2.2,26.1,1,0.028571429
63,Larry Fitzgerald,FitzLa00,ARI,37,WR,224,4.1,185,0.547677262,3.4,6,0,0,1,1.4,2,81.3,13,13,72,54,0.75,409,7.6,0.018518519,1,0.462962963,25,18,5.7,4.2,31.5,0,0
62,Austin Ekeler,EkelAu00,LAC,25,rb,-70,-1.3,473,-0.17369727,8.8,-1.2,7,0.12962963,2,3.1,0,102.8,10,10,65,54,0.831,403,7.5,0.037037037,2,0.37037037,20,28,6.2,5.4,40.3,1,0.018518519
113,Jordan Akins,AkinJo00,HOU,28,te,231,6.2,172,0.573200993,4.6,7.5,3,0.081081081,3,6.1,0,106.1,13,5,49,37,0.755,403,10.9,0.027027027,1,0.540540541,20,26,8.2,2.8,31,0,0
66,Chase Edmonds,EdmoCh00,ARI,24,rb,76,1.4,326,0.189054726,6.2,2,6,0.113207547,1,1.5,0,111.6,16,2,67,53,0.791,402,7.6,0.075471698,4,0.396226415,21,30,6,3.3,25.1,2,0.037735849
132,Keke Coutee,CoutKe00,HOU,23,wr,252,7.6,148,0.63,4.5,9.4,4,0.121212121,0,0,0,133.3,8,4,40,33,0.825,400,12.1,0.090909091,3,0.575757576,19,64,10,4.1,50,4,0.121212121
204,Tyron Johnson,JohnTy03,LAC,24,,339,17,59,0.851758794,3,20.5,4,0.2,0,0,0,156.7,12,0,26,20,0.769,398,19.9,0.15,3,0.75,15,55,15.3,1.7,33.2,0,0
147,Jalen Reagor,ReagJa00,PHI,21,WR,205,6.6,191,0.517676768,6.2,12.7,3,0.096774194,1,1.9,3,63.5,11,11,54,31,0.574,396,12.8,0.032258065,1,0.612903226,19,55,7.3,2.8,36,2,0.064516129
114,Braxton Berrios,BerrBr00,NYJ,25,wr,178,4.8,216,0.45177665,5.8,7.6,2,0.054054054,3,5.5,1,98.6,16,2,55,37,0.673,394,10.6,0.081081081,3,0.513513514,19,43,7.2,2.3,24.6,0,0
144,Mo Alie-Cox,AlieMo00,IND,27,te,212,6.8,182,0.538071066,5.9,6.8,0,0,1,2.6,2,104.5,15,6,39,31,0.795,394,12.7,0.064516129,2,0.612903226,19,45,10.1,2.1,26.3,1,0.032258065
188,Richie James,JameRi00,SFO,25,wr,201,8.7,193,0.510152284,8.4,10.7,3,0.130434783,2,5.7,0,113.3,11,7,35,23,0.657,394,17.1,0.043478261,1,0.652173913,15,47,11.3,2.1,35.8,2,0.086956522
153,James Washington,WashJa00,PIT,24,wr,253,8.4,139,0.645408163,4.6,12.5,1,0.033333333,4,7.1,2,90.8,16,7,56,30,0.536,392,13.1,0.166666667,5,0.633333333,19,50,7,1.9,24.5,0,0
139,Deebo Samuel,SamuDe00,SFO,24,wr,-7,-0.2,398,-0.017902813,12.1,2.2,6,0.181818182,3,6.8,2,90.2,7,5,44,33,0.75,391,11.8,0.03030303,1,0.575757576,19,35,8.9,4.7,55.9,0,0
101,Myles Gaskin,GaskMy00,MIA,23,rb,0,0,388,0,9.5,0.2,4,0.097560976,2,4.3,0,115.2,10,7,47,41,0.872,388,9.5,0.048780488,2,0.292682927,12,59,8.3,4.1,38.8,2,0.048780488
129,Golden Tate,TateGo00,NYG,32,,313,8.9,75,0.806701031,2.1,8.5,0,0,1,1.9,1,94.1,12,4,52,35,0.673,388,11.1,0.057142857,2,0.485714286,17,39,7.5,2.9,32.3,0,0
108,Anthony Firkser,FirkAn00,TEN,25,te,244,6.3,143,0.630490956,3.7,7,4,0.102564103,1,1.9,0,100.1,16,1,53,39,0.736,387,9.9,0.025641026,1,0.666666667,26,45,7.3,2.4,24.2,0,0
149,KJ Hamler,HamlKJ00,DEN,21,wr,257,8.6,124,0.674540682,4.1,10.4,4,0.133333333,7,12.5,3,70.6,13,4,56,30,0.536,381,12.7,0.1,3,0.566666667,17,49,6.8,2.3,29.3,2,0.066666667
81,James White,WhitJa02,NWE,28,,-36,-0.7,411,-0.096,8.4,-0.6,2,0.040816327,3,4.8,1,90.5,14,0,62,49,0.79,375,7.7,0.020408163,1,0.408163265,20,34,6,3.5,26.8,1,0.020408163
51,Mike Davis,DaviMi01,CAR,27,RB,-45,-0.8,418,-0.120643432,7.1,-0.5,11,0.186440678,2,2.9,1,92.4,15,12,70,59,0.843,373,6.3,0.033898305,2,0.288135593,17,23,5.3,3.9,24.9,1,0.016949153
124,Jakeem Grant,GranJa00,MIA,28,wr,201,5.6,172,0.538873995,4.8,10.5,9,0.25,3,5.6,2,77.2,14,4,54,36,0.667,373,10.4,0.027777778,1,0.611111111,22,30,6.9,2.6,26.6,2,0.055555556
152,Irv Smith Jr.,SmitIr01,MIN,22,te,239,8,126,0.654794521,4.2,8,2,0.066666667,1,2.3,0,134.4,13,7,43,30,0.698,365,12.2,0.166666667,5,0.733333333,22,36,8.5,2.3,28.1,0,0
97,Dalvin Cook*,CookDa01,MIN,25,RB,-77,-1.8,438,-0.213296399,10,-1.8,6,0.136363636,3,5.6,1,93,14,14,54,44,0.815,361,8.2,0.022727273,1,0.386363636,17,50,6.7,3.1,25.8,5,0.113636364
93,D'Andre Swift,SwifDA00,DET,21,rb,6,0.1,351,0.016806723,7.6,0.9,2,0.043478261,5,8.8,0,104.5,13,4,57,46,0.807,357,7.8,0.043478261,2,0.326086957,15,26,6.3,3.5,27.5,3,0.065217391
190,Denzel Mims,MimsDe00,NYJ,23,wr,251,10.9,106,0.703081232,4.6,15.3,5,0.217391304,1,2.3,1,70,9,8,44,23,0.523,357,15.5,0,0,0.652173913,15,30,8.1,2.6,39.7,0,0
86,Giovani Bernard,BernGi00,CIN,29,rb,5,0.1,350,0.014084507,7.4,1.3,2,0.042553191,4,6.8,1,101.6,16,10,59,47,0.797,355,7.6,0.063829787,3,0.319148936,15,42,6,2.9,22.2,1,0.021276596
89,Aaron Jones*,JoneAa00,GNB,26,RB,-10,-0.2,365,-0.028169014,7.8,1.2,6,0.127659574,4,6.3,0,98.3,14,14,63,47,0.746,355,7.6,0.042553191,2,0.319148936,15,30,5.6,3.4,25.4,2,0.042553191
106,Drew Sample,SampDr00,CIN,24,TE,151,3.8,198,0.432664756,5,4.2,5,0.125,3,5.7,1,90.8,16,13,53,40,0.755,349,8.7,0.025,1,0.4,16,23,6.6,2.5,21.8,1,0.025
120,Tyler Eifert,EifeTy00,JAX,30,te,236,6.6,113,0.676217765,3.1,8.2,0,0,0,0,4,59.7,15,4,60,36,0.6,349,9.7,0.055555556,2,0.611111111,22,28,5.8,2.4,23.3,0,0
200,Quintez Cephus,CephQu00,DET,22,wr,264,13.2,85,0.756446991,4.3,14.5,0,0,3,8.6,0,110.3,13,2,35,20,0.571,349,17.5,0.1,2,0.8,16,49,10,1.5,26.8,0,0
182,Richard Rodgers,RodgRi00,PHI,28,te,250,10.4,95,0.724637681,4,9.8,1,0.041666667,0,0,0,134.5,14,4,31,24,0.774,345,14.4,0.083333333,2,0.666666667,16,33,11.1,1.7,24.6,0,0
80,James Robinson,RobiJa00,JAX,22,RB,-39,-0.8,383,-0.113372093,7.8,-0.8,5,0.102040816,2,3.3,0,107.2,14,14,60,49,0.817,344,7,0.06122449,3,0.306122449,15,28,5.7,3.5,24.6,3,0.06122449
70,Ezekiel Elliott,ElliEz00,DAL,25,RB,-22,-0.4,360,-0.065088757,6.9,-0.2,2,0.038461538,8,11.3,3,74.7,15,15,71,52,0.732,338,6.5,0.038461538,2,0.384615385,20,19,4.8,3.5,22.5,6,0.115384615
202,Kenny Golladay,GollKe00,DET,27,wr,300,15,38,0.887573964,1.9,14.6,0,0,2,6.3,0,119,5,5,32,20,0.625,338,16.9,0.1,2,0.8,16,48,10.6,4,67.6,0,0
121,Zach Ertz,ErtzZa00,PHI,30,TE,247,6.9,88,0.737313433,2.4,7.4,0,0,5,6.9,3,50.4,11,11,72,36,0.5,335,9.3,0.027777778,1,0.444444444,16,42,4.7,3.3,30.5,0,0
165,Kyle Rudolph,RudoKy00,MIN,31,TE,170,6.1,164,0.508982036,5.9,7.1,2,0.071428571,0,0,0,111.8,12,12,37,28,0.757,334,11.9,0.035714286,1,0.571428571,16,25,9,2.3,27.8,1,0.035714286
183,Odell Beckham Jr.,BeckOd00,CLE,28,wr,273,11.9,46,0.855799373,2,13.6,2,0.086956522,1,2.3,1,91.1,7,7,43,23,0.535,319,13.9,0.130434783,3,0.739130435,17,43,7.4,3.3,45.6,0,0
193,Julian Edelman,EdelJu00,NWE,34,wr,251,12,64,0.796825397,3,10.3,0,0,3,7.7,3,48.6,6,1,39,21,0.538,315,15,0,0,0.857142857,18,49,8.1,3.5,52.5,0,0
135,David Johnson,JohnDa08,HOU,29,RB,79,2.4,235,0.251592357,7.1,3.7,0,0,2,4.3,0,104.8,12,12,46,33,0.717,314,9.5,0.060606061,2,0.484848485,16,32,6.8,2.8,26.2,2,0.060606061
194,Darren Fells,FellDa01,HOU,34,TE,135,6.4,177,0.432692308,8.4,7.1,6,0.285714286,0,0,0,150.6,16,14,28,21,0.75,312,14.9,0.19047619,4,0.761904762,16,44,11.1,1.3,19.5,0,0
133,N'Keal Harry,HarrNK00,NWE,23,wr,204,6.2,105,0.660194175,3.2,8,4,0.121212121,1,1.8,2,70,14,9,57,33,0.579,309,9.4,0.060606061,2,0.454545455,15,30,5.4,2.4,22.1,1,0.03030303
111,Kareem Hunt,HuntKa00,CLE,25,rb,24,0.6,280,0.078947368,7.4,1.4,5,0.131578947,4,7.8,0,121.7,16,5,51,38,0.745,304,8,0.131578947,5,0.5,19,26,6,2.4,19,2,0.052631579
257,Donovan Peoples-Jones,PeopDo00,CLE,21,wr,227,16.2,77,0.746710526,5.5,16.6,0,0,1,5,0,145.8,12,2,20,14,0.7,304,21.7,0.142857143,2,0.714285714,10,75,15.2,1.2,25.3,0,0
221,Marvin Hall,HallMa02,2TM,27,,244,13.6,58,0.80794702,3.2,17.2,0,0,4,12.5,,109.1,12,6,32,18,0.563,302,16.8,0.111111111,2,0.555555556,10,73,9.4,1.5,25.2,0,0
125,Jonathan Taylor,TaylJo02,IND,21,RB,-68,-1.9,367,-0.227424749,10.2,-1.3,3,0.083333333,1,2.6,0,107.2,15,13,39,36,0.923,299,8.3,0.027777778,1,0.333333333,12,39,7.7,2.4,19.9,1,0.027777778
119,Clyde Edwards-Helaire,EdwaCl00,KAN,21,RB,2,0.1,295,0.006734007,8.2,0.6,10,0.277777778,3,5.6,1,79,13,13,54,36,0.667,297,8.3,0.027777778,1,0.333333333,12,26,5.5,2.8,22.8,0,0
186,DaeSean Hamilton,HamiDa01,DEN,25,wr,198,8.6,95,0.675767918,4.1,13.4,0,0,2,4.5,3,60.1,16,2,44,23,0.523,293,12.7,0.086956522,2,0.695652174,16,40,6.7,1.4,18.3,1,0.043478261
180,Dawson Knox,KnoxDa00,BUF,24,te,128,5.3,160,0.444444444,6.7,8.2,0,0,4,9.1,1,88.1,12,7,44,24,0.545,288,12,0.125,3,0.583333333,14,36,6.5,2,24,2,0.083333333
226,Preston Williams,WillPr01,MIA,23,wr,246,13.7,42,0.854166667,2.3,14.5,0,0,3,8.6,2,93.5,8,7,35,18,0.514,288,16,0.222222222,4,0.777777778,14,47,8.2,2.3,36,0,0
115,Chris Carson,CarsCh00,SEA,26,RB,30,0.8,257,0.104529617,6.9,1.3,3,0.081081081,3,6.5,4,85.4,12,12,46,37,0.804,287,7.8,0.108108108,4,0.378378378,14,29,6.2,3.1,23.9,1,0.027027027
146,Chris Herndon,HernCh00,NYJ,24,TE,159,5.1,128,0.554006969,4.1,6.8,1,0.032258065,4,8.9,0,108.3,16,13,45,31,0.689,287,9.3,0.096774194,3,0.548387097,17,26,6.4,1.9,17.9,2,0.064516129
150,Isaiah McKenzie,McKeIs00,BUF,25,wr,92,3.1,190,0.326241135,6.3,4.4,0,0,1,2.9,0,140.8,16,7,34,30,0.882,282,9.4,0.166666667,5,0.566666667,17,46,8.3,1.9,17.6,0,0
156,Cameron Brate,BratCa00,TAM,29,te,211,7.5,71,0.74822695,2.5,8.6,0,0,0,0,1,108.6,16,1,34,28,0.824,282,10.1,0.071428571,2,0.607142857,17,25,8.3,1.8,17.6,0,0
158,Isaiah Ford,FordIs00,MIA,24,,208,7.4,68,0.753623188,2.4,9.2,0,0,1,2.3,2,62.3,10,1,44,28,0.636,276,9.9,0,0,0.642857143,18,18,6.3,2.8,27.6,0,0
208,Olamide Zaccheaus,ZaccOl01,ATL,23,wr,211,10.6,63,0.770072993,3.2,13.8,2,0.1,1,3.1,1,87.2,11,2,32,20,0.625,274,13.7,0.05,1,0.8,16,51,8.6,1.8,24.9,0,0
223,Collin Johnson,JohnCo01,JAX,23,,207,11.5,65,0.761029412,3.6,12.1,0,0,0,0,1,95.1,14,0,31,18,0.581,272,15.1,0.111111111,2,0.666666667,12,46,8.8,1.3,19.4,0,0
112,Devin Singletary,SingDe00,BUF,23,RB,0,0,269,0,7.1,1,4,0.105263158,3,6,0,87.8,16,16,50,38,0.76,269,7.1,0,0,0.210526316,8,34,5.4,2.4,16.8,1,0.026315789
209,Miles Boykin,BoykMi00,BAL,24,WR,186,9.8,80,0.69924812,4.2,11.6,0,0,0,0,1,110.6,16,13,33,19,0.576,266,14,0.210526316,4,0.736842105,14,43,8.1,1.2,16.6,0,0
167,Steven Sims,SimsSt00,WAS,23,wr,139,5.1,126,0.524528302,4.7,7.1,0,0,2,5.4,1,90.5,12,2,37,27,0.73,265,9.8,0.037037037,1,0.481481481,13,30,7.2,2.3,22.1,5,0.185185185
163,James O'Shaughnessy,O'ShJa00,JAX,28,TE,168,6,94,0.641221374,3.4,7.2,1,0.035714286,0,0,1,81.3,15,13,38,28,0.737,262,9.4,0,0,0.428571429,12,26,6.9,1.9,17.5,0,0
253,Marcus Johnson,JohnMa07,IND,26,wr,206,14.7,49,0.807843137,3.5,17.4,0,0,2,7.1,1,66.8,11,3,28,14,0.5,255,18.2,0,0,0.785714286,11,55,9.1,1.3,23.2,0,0
137,Jerick McKinnon,McKiJe00,SFO,28,rb,75,2.3,178,0.296442688,5.4,3.4,1,0.03030303,2,4.3,3,64.9,16,4,46,33,0.717,253,7.7,0.03030303,1,0.363636364,12,26,5.5,2.1,15.8,0,0
179,Will Dissly,DissWi00,SEA,24,TE,82,3.4,169,0.326693227,7,4.8,0,0,1,3.4,1,111.4,16,12,29,24,0.828,251,10.5,0.083333333,2,0.5,12,28,8.7,1.5,15.7,0,0
185,Jack Doyle,DoylJa00,IND,30,TE,160,7,91,0.637450199,4,6.9,1,0.043478261,0,0,0,122.2,14,12,33,23,0.697,251,10.9,0.130434783,3,0.565217391,13,28,7.6,1.6,17.9,1,0.043478261
157,Trey Burton,BurtTr01,IND,29,te,163,5.8,87,0.652,3.1,7.5,1,0.035714286,4,8.5,1,86.3,13,4,47,28,0.596,250,8.9,0.107142857,3,0.5,14,20,5.3,2.2,19.2,0,0
160,Duke Johnson,JohnDu00,HOU,27,rb,29,1,220,0.116465863,7.9,1.9,2,0.071428571,2,5.7,0,105.8,11,5,35,28,0.8,249,8.9,0.035714286,1,0.285714286,8,48,7.1,2.5,22.6,3,0.107142857
123,Antonio Gibson,GibsAn00,WAS,22,rb,-54,-1.5,301,-0.218623482,8.4,-0.8,8,0.222222222,2,4.5,0,90.1,14,10,44,36,0.818,247,6.9,0,0,0.25,9,40,5.6,2.6,17.6,2,0.055555556
211,Ross Dwelley,DwelRo00,SFO,25,te,138,7.3,107,0.563265306,5.6,7.6,1,0.052631579,0,0,0,123.1,16,9,24,19,0.792,245,12.9,0.052631579,1,0.526315789,10,36,10.2,1.2,15.3,0,0
162,Cole Kmet,KmetCo00,CHI,21,te,107,3.8,136,0.440329218,4.9,6.5,2,0.071428571,2,4.5,1,83.8,16,9,44,28,0.636,243,8.7,0.071428571,2,0.428571429,12,38,5.5,1.8,15.2,1,0.035714286
181,Greg Olsen,OlseGr00,SEA,35,te,190,7.9,49,0.794979079,2,7.8,0,0,2,5.4,2,69.5,11,8,37,24,0.649,239,10,0.041666667,1,0.666666667,16,22,6.5,2.2,21.7,0,0
134,Josh Jacobs*,JacoJo01,LVR,22,RB,0,0,238,0,7.2,0.7,4,0.121212121,2,4.4,0,85.2,15,15,45,33,0.733,238,7.2,0,0,0.272727273,9,29,5.3,2.2,15.9,2,0.060606061
178,Harrison Bryant,BryaHa00,CLE,22,te,121,5,117,0.508403361,4.9,7.7,2,0.083333333,3,7.9,2,85.2,15,9,38,24,0.632,238,9.9,0.125,3,0.583333333,14,35,6.3,1.6,15.9,2,0.083333333
148,Jamaal Williams,WillJa06,GNB,25,rb,17,0.5,219,0.072033898,7.1,0.5,4,0.129032258,2,5.7,0,104.3,14,3,35,31,0.886,236,7.6,0.032258065,1,0.35483871,11,29,6.7,2.2,16.9,0,0
229,Chad Hansen,HansCh00,HOU,25,wr,197,11.6,39,0.834745763,2.3,12.2,0,0,1,4.2,0,116,5,2,24,17,0.708,236,13.9,0.058823529,1,0.647058824,11,38,9.8,3.4,47.2,0,0
251,DeSean Jackson,JackDe00,PHI,34,wr,171,12.2,65,0.724576271,4.6,16.6,0,0,2,7.7,1,81.6,5,5,26,14,0.538,236,16.9,0.071428571,1,0.714285714,10,81,9.1,2.8,47.2,0,0
122,Leonard Fournette,FourLe00,TAM,25,rb,-2,-0.1,235,-0.008583691,6.5,0.1,5,0.138888889,7,14.9,0,86.6,13,3,47,36,0.766,233,6.5,0,0,0.25,9,20,5,2.8,17.9,0,0
169,Jordan Reed,ReedJo02,SFO,30,te,147,5.7,84,0.636363636,3.2,8,2,0.076923077,3,6.5,1,90,10,1,46,26,0.565,231,8.9,0.153846154,4,0.615384615,16,26,5,2.6,23.1,0,0
187,Adam Humphries,HumpAd00,TEN,27,,183,8,45,0.802631579,2,9.6,0,0,1,2.9,1,91.1,7,1,35,23,0.657,228,9.9,0.086956522,2,0.47826087,11,23,6.5,3.3,32.6,0,0
196,Andy Isabella,IsabAn00,ARI,24,wr,142,6.8,82,0.633928571,3.9,11.3,2,0.095238095,2,5.7,3,62.1,13,2,35,21,0.6,224,10.7,0.095238095,2,0.476190476,10,54,6.4,1.6,17.2,1,0.047619048
214,Van Jefferson,JeffVa00,LAR,24,,174,9.2,46,0.790909091,2.4,10.2,2,0.105263158,1,3.2,2,66.6,16,0,31,19,0.613,220,11.6,0.052631579,1,0.578947368,11,31,7.1,1.2,13.8,1,0.052631579
126,James Conner,ConnJa00,PIT,25,RB,-15,-0.4,230,-0.069767442,6.6,-0.1,3,0.085714286,4,9.3,0,87.5,13,11,43,35,0.814,215,6.1,0,0,0.285714286,10,18,5,2.7,16.5,2,0.057142857
192,Marquez Callaway,CallMa01,NOR,22,wr,155,7.4,58,0.727699531,2.8,8.4,2,0.095238095,0,0,0,99.5,11,3,27,21,0.778,213,10.1,0,0,0.476190476,10,27,7.9,1.9,19.4,0,0
218,David Njoku,NjokDa00,CLE,24,te,126,6.6,87,0.591549296,4.6,7.4,2,0.105263158,1,3.4,0,110.3,13,5,29,19,0.655,213,11.2,0.105263158,2,0.684210526,13,28,7.3,1.5,16.4,0,0
177,Boston Scott,ScotBo02,PHI,25,rb,31,1.2,181,0.146226415,7.2,2.6,1,0.04,0,0,0,93.7,16,4,36,25,0.694,212,8.5,0.04,1,0.32,8,18,5.9,1.6,13.3,2,0.08
155,Lynn Bowden Jr.,BowdLy00,MIA,23,rb,99,3.5,112,0.469194313,4,5,6,0.214285714,0,0,2,66.4,10,4,37,28,0.757,211,7.5,0,0,0.464285714,13,22,5.7,2.8,21.1,0,0
176,Jacob Hollister,HollJa03,SEA,27,te,129,5.2,80,0.61722488,3.2,5.9,0,0,2,5,1,90.5,16,5,40,25,0.625,209,8.4,0.12,3,0.56,14,20,5.2,1.6,13.1,0,0
171,Durham Smythe,SmytDu00,MIA,25,TE,86,3.3,122,0.413461538,4.7,3.9,2,0.076923077,1,3.4,0,119.5,15,13,29,26,0.897,208,8,0.076923077,2,0.5,13,19,7.2,1.7,13.9,0,0
216,Kyle Juszczyk*,JuszKy00,SFO,29,FB,101,5.3,101,0.5,5.3,6.5,0,0,2,6.9,1,110.9,16,15,29,19,0.655,202,10.6,0.210526316,4,0.526315789,10,41,7,1.2,12.6,1,0.052631579
199,Chad Beebe,BeebCh00,MIN,26,,128,6.4,73,0.63681592,3.7,6,2,0.1,1,3.3,1,93.9,14,0,30,20,0.667,201,10.1,0.1,2,0.6,12,40,6.7,1.4,14.4,2,0.1
201,Devin Duvernay,DuveDe00,BAL,23,wr,83,4.2,118,0.412935323,5.9,6.2,1,0.05,1,3.8,2,66.3,16,3,26,20,0.769,201,10.1,0,0,0.4,8,39,7.7,1.3,12.6,0,0
175,Brian Hill,HillBr02,ATL,25,rb,37,1.5,162,0.185929648,6.5,1.3,4,0.16,3,10,0,94.3,16,1,30,25,0.833,199,8,0,0,0.28,7,26,6.6,1.6,12.4,2,0.08
262,Ryan Izzo,IzzoRy00,NWE,25,TE,131,10.1,68,0.658291457,5.2,10.3,1,0.076923077,2,10,1,76.9,12,12,20,13,0.65,199,15.3,0,0,0.461538462,6,50,10,1.1,16.6,1,0.076923077
166,Miles Sanders,SandMi01,PHI,23,RB,-11,-0.4,208,-0.055837563,7.4,1.9,3,0.107142857,7,13.5,2,46.7,12,11,52,28,0.538,197,7,0,0,0.285714286,8,28,3.8,2.3,16.4,4,0.142857143
168,Isaiah Wright,WrigIs01,WAS,23,wr,54,2,143,0.274111675,5.3,3.9,2,0.074074074,1,2.9,0,89.8,14,6,35,27,0.771,197,7.3,0,0,0.37037037,10,22,5.6,1.9,14.1,3,0.111111111
210,Tyler Conklin,ConkTy00,MIN,25,te,68,3.6,126,0.350515464,6.6,4.4,1,0.052631579,2,7.7,0,106.9,16,2,26,19,0.731,194,10.2,0.052631579,1,0.578947368,11,30,7.5,1.2,12.1,1,0.052631579
164,Tony Pollard,PollTo00,DAL,23,rb,-39,-1.4,232,-0.202072539,8.3,-0.4,4,0.142857143,4,10,0,88.9,16,2,40,28,0.7,193,6.9,0.035714286,1,0.321428571,9,30,4.8,1.8,12.1,0,0
285,Bryan Edwards,EdwaBr01,LVR,22,wr,113,10.3,80,0.585492228,7.3,8.5,2,0.181818182,0,0,0,137.5,12,3,15,11,0.733,193,17.5,0.090909091,1,0.818181818,9,34,12.9,0.9,16.1,0,0
172,Rex Burkhead,BurkRe00,NWE,30,,-9,-0.4,201,-0.046875,8,0.9,2,0.08,0,0,1,107.1,10,0,33,25,0.758,192,7.7,0.12,3,0.44,11,24,5.8,2.5,19.2,0,0
234,Cedrick Wilson Jr.,WilsCe01,DAL,25,,76,4.5,113,0.402116402,6.6,8.7,1,0.058823529,3,10.7,1,89.7,16,0,28,17,0.607,189,11.1,0.117647059,2,0.588235294,10,42,6.8,1.1,11.8,0,0
254,Olabisi Johnson,JohnOl00,MIN,23,wr,140,10,49,0.740740741,3.5,11.3,2,0.142857143,0,0,1,83,16,3,19,14,0.737,189,13.5,0,0,0.642857143,9,29,9.9,0.9,11.8,0,0
215,Kerryon Johnson,JohnKe06,DET,23,rb,4,0.2,183,0.021390374,9.6,-0.1,1,0.052631579,2,7.7,0,105.8,16,2,26,19,0.731,187,9.8,0.052631579,1,0.578947368,11,20,7.2,1.2,11.7,1,0.052631579
231,Mohamed Sanu,SanuMo00,2TM,31,,150,8.8,37,0.802139037,2.2,12,0,0,1,4.2,,107.5,10,4,24,17,0.708,187,11,0.058823529,1,0.764705882,13,21,7.8,1.7,18.7,0,0
308,Kalif Raymond,RaymKa00,TEN,26,,149,16.6,38,0.796791444,4.2,17.5,0,0,2,13.3,1,76.3,15,3,15,9,0.6,187,20.8,0,0,0.777777778,7,61,12.5,0.6,12.5,0,0
203,Deonte Harris,HarrDe07,NOR,23,wr,59,3,127,0.317204301,6.4,4,4,0.2,1,4,1,94.3,9,2,25,20,0.8,186,9.3,0.05,1,0.5,10,40,7.4,2.2,20.7,3,0.15
287,KhaDarel Hodge,HodgKh00,CLE,25,,157,14.3,23,0.872222222,2.1,16.4,0,0,0,0,1,75.6,9,0,17,11,0.647,180,16.4,0,0,1,11,42,10.6,1.2,20,0,0
191,Latavius Murray,MurrLa00,NOR,30,ss,-22,-1,198,-0.125,8.6,-1,2,0.086956522,2,7.7,0,107.7,15,7,26,23,0.885,176,7.7,0.043478261,1,0.347826087,8,25,6.8,1.5,11.7,1,0.043478261
239,Mack Hollins,HollMa00,MIA,27,wr,147,9.2,29,0.835227273,1.8,9.6,0,0,2,8,0,98.1,16,2,25,16,0.64,176,11,0.0625,1,0.4375,7,34,7,1,11,1,0.0625
213,Justin Jackson,JackJu01,LAC,24,rb,-43,-2.3,216,-0.248554913,11.4,-1.8,5,0.263157895,1,4.2,0,96.7,9,4,24,19,0.792,173,9.1,0,0,0.368421053,7,34,7.2,2.1,19.2,0,0
243,KeeSean Johnson,JohnKe07,ARI,24,wr,123,8.2,50,0.710982659,3.3,10.9,0,0,1,4.3,0,87.8,8,1,23,15,0.652,173,11.5,0,0,0.466666667,7,45,7.5,1.9,21.6,0,0
246,Adam Trautman,TrauAd00,NOR,23,te,54,3.6,117,0.315789474,7.8,4,2,0.133333333,0,0,0,132,15,6,16,15,0.938,171,11.4,0.066666667,1,0.6,9,41,10.7,1,11.4,0,0
273,Tyler Johnson,JohnTy00,TAM,22,wr,97,8.1,72,0.573964497,6,9.9,1,0.083333333,0,0,0,141.5,14,3,17,12,0.706,169,14.1,0.166666667,2,0.75,9,35,9.9,0.9,12.1,0,0
233,Jeff Smith,SmitJe03,NYJ,23,wr,118,6.9,49,0.706586826,2.9,12.6,0,0,2,5.4,2,36.7,12,4,37,17,0.459,167,9.8,0,0,0.529411765,9,21,4.5,1.4,13.9,0,0
295,John Hightower,HighJo00,PHI,24,wr,110,11,57,0.658682635,5.7,22.6,0,0,3,10.3,5,15.2,13,4,29,10,0.345,167,16.7,0,0,0.5,5,59,5.8,0.8,12.8,0,0
154,Kalen Ballage,BallKa00,2TM,25,,-47,-1.6,213,-0.28313253,7.3,-0.5,4,0.137931034,2,5.4,,85.4,11,2,37,29,0.784,166,5.7,0,0,0.172413793,5,21,4.5,2.6,15.1,1,0.034482759
161,Ronald Jones II,JoneRo01,TAM,23,RB,8,0.3,157,0.048484848,5.6,0.9,1,0.035714286,5,11.9,1,72,14,13,42,28,0.667,165,5.9,0.035714286,1,0.071428571,2,37,3.9,2,11.8,2,0.071428571
174,Todd Gurley,GurlTo01,ATL,26,RB,41,1.6,123,0.25,4.9,1.5,3,0.12,4,11.4,0,81.1,15,15,35,25,0.714,164,6.6,0,0,0.28,7,26,4.7,1.7,10.9,2,0.08
222,Dontrelle Inman,InmaDo00,WAS,31,,119,6.6,44,0.73006135,2.4,8.3,0,0,1,3.6,2,74,10,2,28,18,0.643,163,9.1,0.111111111,2,0.611111111,11,17,5.8,1.8,16.3,1,0.055555556
249,Pharaoh Brown,BrowPh01,HOU,26,te,87,6.2,76,0.533742331,5.4,7.9,4,0.285714286,0,0,0,148.7,13,9,16,14,0.875,163,11.6,0.142857143,2,0.642857143,9,29,10.2,1.1,12.5,0,0
184,Malcolm Brown,BrowMa03,LAR,27,,-16,-0.7,178,-0.098765432,7.7,-0.3,1,0.043478261,3,9.1,0,80.6,16,0,33,23,0.697,162,7,0,0,0.391304348,9,30,4.9,1.4,10.1,1,0.043478261
264,Byron Pringle,PrinBy00,KAN,27,wr,92,7.1,68,0.575,5.2,10.2,2,0.153846154,0,0,0,124.6,13,3,17,13,0.765,160,12.3,0.076923077,1,0.692307692,9,37,9.4,1,12.3,0,0
238,Darrell Henderson,HendDa00,LAR,23,RB,-1,-0.1,160,-0.006289308,10,0.7,3,0.1875,0,0,1,81.8,15,11,24,16,0.667,159,9.9,0.0625,1,0.5,8,28,6.6,1.1,10.6,0,0
265,Freddie Swain,SwaiFr00,SEA,22,wr,58,4.5,101,0.364779874,7.8,10.7,0,0,0,0,0,117,16,1,21,13,0.619,159,12.2,0.153846154,2,0.461538462,6,23,7.6,0.8,9.9,0,0
299,Donald Parham,ParhDo00,LAC,23,te,103,10.3,56,0.647798742,5.6,8.8,0,0,0,0,0,116.5,13,5,20,10,0.5,159,15.9,0.3,3,0.8,8,26,8,0.8,12.2,0,0
142,Melvin Gordon,GordMe00,DEN,27,rb,-9,-0.3,167,-0.056962025,5.2,0.1,4,0.125,3,6.8,0,85.2,15,10,44,32,0.727,158,4.9,0.03125,1,0.21875,7,20,3.6,2.1,10.5,4,0.125
242,Raheem Mostert,MostRa00,SFO,28,rb,20,1.3,136,0.128205128,8.5,1.1,1,0.0625,0,0,0,118.4,8,8,19,16,0.842,156,9.8,0.0625,1,0.3125,5,76,8.2,2,19.5,1,0.0625
248,Noah Brown,BrowNo00,DAL,24,wr,107,7.6,47,0.694805195,3.4,10.3,0,0,0,0,0,77.4,16,1,24,14,0.583,154,11,0,0,0.428571429,6,20,6.4,0.9,9.6,0,0
255,Zay Jones,JoneZa00,LVR,25,wr,89,6.4,65,0.577922078,4.6,7.1,2,0.142857143,2,10,1,88.3,16,2,20,14,0.7,154,11,0.071428571,1,0.428571429,6,37,7.7,0.9,9.6,0,0
236,Nick Chubb*,ChubNi00,CLE,25,RB,17,1.1,133,0.113333333,8.3,2.7,4,0.25,0,0,0,101.4,12,12,18,16,0.889,150,9.4,0,0,0.375,6,26,8.3,1.3,12.5,1,0.0625
258,Auden Tate,TateAu00,CIN,23,wr,92,6.6,58,0.613333333,4.1,9.4,1,0.071428571,0,0,0,83.5,9,2,22,14,0.636,150,10.7,0,0,0.642857143,9,19,6.8,1.6,16.7,0,0
278,Adam Shaheen,ShahAd00,MIA,26,te,45,3.8,105,0.3,8.8,4.3,4,0.333333333,0,0,0,115.5,16,5,22,12,0.545,150,12.5,0.25,3,0.75,9,43,6.8,0.8,9.4,0,0
230,Christian McCaffrey,McCaCh01,CAR,24,rb,26,1.5,123,0.174496644,7.2,1.4,3,0.176470588,0,0,1,95,3,3,19,17,0.895,149,8.8,0.058823529,1,0.470588235,8,24,7.8,5.7,49.7,0,0
189,Joshua Kelley,KellJo01,LAC,23,,-25,-1.1,173,-0.168918919,7.5,-1.1,2,0.086956522,0,0,0,93.5,14,0,23,23,1,148,6.4,0,0,0.391304348,9,35,6.4,1.6,10.6,2,0.086956522
207,Chris Thompson,ThomCh03,JAX,30,,39,2,107,0.267123288,5.4,2.8,1,0.05,0,0,0,107.6,8,0,23,20,0.87,146,7.3,0.05,1,0.25,5,15,6.3,2.5,18.3,0,0
288,O.J. Howard,HowaO.00,TAM,26,te,129,11.7,17,0.883561644,1.5,11.9,1,0.090909091,1,5.3,0,117.4,4,1,19,11,0.579,146,13.3,0.181818182,2,0.727272727,8,33,7.7,2.8,36.5,0,0
206,Ian Thomas,ThomIa00,CAR,24,te,67,3.4,78,0.462068966,3.9,6.3,0,0,1,3.2,2,59.2,16,8,31,20,0.645,145,7.3,0.05,1,0.55,11,21,4.7,1.3,9.1,1,0.05
293,Kenny Stills,StilKe00,HOU,28,,127,11.5,17,0.881944444,1.5,12.5,0,0,3,15.8,1,77.5,10,0,19,11,0.579,144,13.1,0.090909091,1,0.727272727,8,24,7.6,1.1,14.4,0,0
261,Christian Blake,BlakCh00,ATL,24,,115,8.8,26,0.815602837,2,9.6,0,0,1,5.6,0,94.9,16,0,18,13,0.722,141,10.8,0,0,0.461538462,6,25,7.8,0.8,8.8,0,0
333,Foster Moreau,MoreFo00,LVR,23,te,89,12.7,51,0.635714286,7.3,12.1,0,0,0,0,0,158.3,16,2,9,7,0.778,140,20,0.285714286,2,0.714285714,5,47,15.6,0.4,8.8,0,0
270,Alex Erickson,EricAl01,CIN,28,wr,72,6,67,0.517985612,5.6,7.2,0,0,0,0,1,70.5,16,2,17,12,0.706,139,11.6,0,0,0.416666667,5,42,8.2,0.8,8.7,2,0.166666667
197,Joe Mixon,MixoJo00,CIN,24,rb,-29,-1.4,167,-0.210144928,8,-1,2,0.095238095,1,3.8,0,101.6,6,6,26,21,0.808,138,6.6,0.047619048,1,0.238095238,5,19,5.3,3.5,23,1,0.047619048
219,Jalen Richard,RichJa01,LVR,27,,41,2.2,97,0.297101449,5.1,2.1,0,0,1,4.3,1,73.6,13,0,23,19,0.826,138,7.3,0,0,0.263157895,5,19,6,1.5,10.6,1,0.052631579
235,Le'Veon Bell,BellLe00,2TM,28,,2,0.1,136,0.014492754,8.5,0.5,2,0.125,1,5,,95.4,11,4,20,16,0.8,138,8.6,0,0,0.4375,7,30,6.9,1.5,12.5,1,0.0625
173,Kenyan Drake,DrakKe00,ARI,26,RB,-28,-1.1,165,-0.204379562,6.6,-1,1,0.04,2,6.5,0,85.1,15,13,31,25,0.806,137,5.5,0,0,0.2,5,18,4.4,1.7,9.1,3,0.12
267,Jeff Wilson,WilsJe01,SFO,25,rb,22,1.7,111,0.165413534,8.5,1.8,0,0,5,17.9,1,81.4,12,3,28,13,0.464,133,10.2,0.230769231,3,0.615384615,8,21,4.8,1.1,11.1,2,0.153846154
198,Cordarrelle Patterson*+,PattCo00,CHI,29,wr,18,0.9,114,0.136363636,5.4,3.6,1,0.047619048,1,4,0,88.7,16,3,25,21,0.84,132,6.3,0,0,0.333333333,7,25,5.3,1.3,8.3,0,0
266,Mike Thomas,ThomMi04,CIN,26,,104,8,28,0.787878788,2.2,8.6,1,0.076923077,2,9.5,0,95.7,14,0,21,13,0.619,132,10.2,0.076923077,1,0.538461538,7,29,6.3,0.9,9.4,1,0.076923077
252,Jesse James,JameJe00,DET,26,te,53,3.8,76,0.410852713,5.4,5.4,1,0.071428571,0,0,2,72,16,7,22,14,0.636,129,9.2,0.142857143,2,0.428571429,6,31,5.9,0.9,8.1,0,0
303,Gus Edwards,EdwaGu00,BAL,25,rb,36,4,93,0.279069767,10.3,3.8,2,0.222222222,0,0,0,101.1,16,6,13,9,0.692,129,14.3,0,0,0.444444444,4,34,9.9,0.6,8.1,1,0.111111111
217,Dion Lewis,LewiDi00,NYG,30,,47,2.5,80,0.37007874,4.2,1.7,1,0.052631579,2,6.7,0,83.6,16,0,30,19,0.633,127,6.7,0.052631579,1,0.421052632,8,17,4.2,1.2,7.9,3,0.157894737
263,Alexander Mattison,MattAl01,MIN,22,rb,17,1.3,108,0.136,8.3,2.7,5,0.384615385,0,0,0,123.6,13,2,15,13,0.867,125,9.6,0.076923077,1,0.384615385,5,28,8.3,1,9.6,0,0
282,Cam Akers,AkerCa00,LAR,21,rb,32,2.9,91,0.260162602,8.3,4.2,3,0.272727273,1,7.1,0,127.1,13,5,14,11,0.786,123,11.2,0.090909091,1,0.363636364,4,38,8.8,0.8,9.5,1,0.090909091
289,Albert Okwuegbunam,OkwuAl00,DEN,22,,48,4.4,73,0.396694215,6.6,7.7,1,0.090909091,0,0,0,119,4,0,15,11,0.733,121,11,0.090909091,1,0.545454545,6,27,8.1,2.8,30.3,0,0
220,J.K. Dobbins,DobbJK00,BAL,22,rb,-9,-0.5,129,-0.075,7.2,0,2,0.111111111,4,16.7,0,85.4,15,1,24,18,0.75,120,6.7,0,0,0.222222222,4,19,5,1.2,8,2,0.111111111
274,Tyler Kroft,KrofTy00,BUF,28,,75,6.3,44,0.630252101,3.7,7.6,0,0,1,6.3,1,109.1,10,4,16,12,0.75,119,9.9,0.25,3,0.75,9,38,7.4,1.2,11.9,0,0
250,Chris Hogan,HogaCh00,NYJ,33,,78,5.6,40,0.661016949,2.9,10,1,0.071428571,0,0,1,49.8,5,4,26,14,0.538,118,8.4,0,0,0.428571429,6,27,4.5,2.8,23.6,0,0
334,Equanimeous St. Brown,St.BEq00,GNB,24,wr,58,8.3,59,0.495726496,8.4,12.1,1,0.142857143,2,15.4,0,110.1,12,1,13,7,0.538,117,16.7,0.142857143,1,0.857142857,6,24,9,0.6,9.8,0,0
225,Darrel Williams,WillDa10,KAN,25,,-40,-2.2,156,-0.344827586,8.7,-0.8,1,0.055555556,2,7.7,0,78.4,16,0,26,18,0.692,116,6.4,0,0,0.333333333,6,15,4.5,1.1,7.3,0,0
348,Alshon Jeffery,JeffAl00,PHI,30,,90,15,25,0.782608696,4.2,13.2,0,0,1,7.7,1,71,7,2,13,6,0.462,115,19.2,0.166666667,1,0.833333333,5,39,8.8,0.9,16.4,0,0
195,Wayne Gallman,GallWa00,NYG,26,rb,14,0.7,100,0.122807018,4.8,0.4,0,0,3,11.1,0,84.3,15,10,27,21,0.778,114,5.4,0,0,0.285714286,6,19,4.2,1.4,7.6,1,0.047619048
212,Derrick Henry *+,HenrDe00,TEN,26,RB,-13,-0.7,127,-0.114035088,6.7,-0.9,1,0.052631579,1,3.2,0,68.5,16,16,31,19,0.613,114,6,0,0,0.210526316,4,53,3.7,1.2,7.1,3,0.157894737
279,Jace Sternberger,SterJa00,GNB,24,,48,4,66,0.421052632,5.5,6.9,0,0,1,6.7,0,120.6,12,0,15,12,0.8,114,9.5,0.083333333,1,0.5,6,27,7.6,1,9.5,0,0
331,Sony Michel,MichSo00,NWE,25,rb,4,0.6,110,0.035087719,15.7,-0.2,1,0.142857143,0,0,0,155.8,9,6,9,7,0.778,114,16.3,0.142857143,1,0.714285714,5,31,12.7,0.8,12.7,0,0
247,Nick Boyle,BoylNi00,BAL,27,te,69,4.9,44,0.610619469,3.1,5.1,0,0,0,0,0,133.6,9,9,17,14,0.824,113,8.1,0.142857143,2,0.571428571,8,21,6.6,1.6,12.6,0,0
224,Kaden Smith,SmitKa00,NYG,23,TE,23,1.3,89,0.205357143,4.9,1.6,1,0.055555556,0,0,0,88.9,15,12,21,18,0.857,112,6.2,0,0,0.388888889,7,16,5.3,1.2,7.5,1,0.055555556
228,DeeJay Dallas,DallDe00,SEA,22,rb,1,0.1,110,0.009009009,6.5,0.1,1,0.058823529,0,0,0,106.5,12,2,20,17,0.85,111,6.5,0.058823529,1,0.294117647,5,13,5.6,1.4,9.3,0,0
272,Alec Ingold,IngoAl01,LVR,24,fb,22,1.8,88,0.2,7.3,4.5,3,0.25,2,11.8,0,107.5,16,4,17,12,0.706,110,9.2,0.083333333,1,0.75,9,23,6.5,0.8,6.9,0,0
283,Blake Bell,BellBl00,DAL,29,te,62,5.6,48,0.563636364,4.4,5.1,1,0.090909091,0,0,0,93.7,16,2,15,11,0.733,110,10,0,0,0.636363636,7,24,7.3,0.7,6.9,0,0
297,Marcedes Lewis,LewiMa00,GNB,36,TE,50,5,57,0.46728972,5.7,6.5,0,0,4,23.5,0,116.9,15,15,17,10,0.588,107,10.7,0.3,3,0.6,6,36,6.3,0.7,7.1,0,0
314,Stephen Anderson,AndeSt01,LAC,27,te,26,3.3,80,0.245283019,10,4,2,0.25,0,0,0,102.8,16,3,11,8,0.727,106,13.3,0,0,0.875,7,23,9.6,0.5,6.6,0,0
337,Quez Watkins,WatkQu00,PHI,22,,48,6.9,58,0.452830189,8.3,9.5,0,0,2,15.4,0,106.6,6,0,13,7,0.538,106,15.1,0.142857143,1,0.571428571,4,43,8.2,1.2,17.7,0,0
280,Jordan Wilkins,WilkJo01,IND,26,,-38,-3.2,143,-0.361904762,11.9,-0.8,1,0.083333333,1,6.3,0,91.9,15,0,16,12,0.75,105,8.8,0,0,0.25,3,24,6.6,0.8,7,0,0
324,Maxx Williams,WillMa04,ARI,26,te,36,4.5,66,0.352941176,8.3,3.8,1,0.125,0,0,1,102.9,9,8,10,8,0.8,102,12.8,0.125,1,0.5,4,42,10.2,0.9,11.3,0,0
244,LeSean McCoy,McCoLe01,TAM,32,,-1,-0.1,102,-0.00990099,6.8,1,0,0,2,10.5,0,88.8,10,0,19,15,0.789,101,6.7,0,0,0.2,3,15,5.3,1.5,10.1,0,0
276,Adrian Peterson,PeteAd01,DET,35,rb,-2,-0.2,103,-0.01980198,8.6,-0.3,1,0.083333333,3,16.7,0,81,16,10,18,12,0.667,101,8.4,0,0,0.333333333,4,23,5.6,0.8,6.3,0,0
284,C.J. Board,BoarC.00,NYG,27,wr,68,6.2,33,0.673267327,3,9.4,0,0,0,0,0,85.7,14,4,16,11,0.688,101,9.2,0,0,0.545454545,6,16,6.3,0.8,7.2,0,0
269,Cameron Batson,BatsCa00,TEN,25,wr,57,4.8,43,0.57,3.6,6.2,0,0,0,0,0,124.4,12,1,13,12,0.923,100,8.3,0.083333333,1,0.583333333,7,18,7.7,1,8.3,1,0.083333333
241,Ty Johnson,JohnTy02,2TM,23,,-30,-1.9,129,-0.303030303,8.1,2.4,1,0.0625,0,0,,101.1,13,1,21,16,0.762,99,6.2,0.0625,1,0.375,6,18,4.7,1.2,7.6,0,0
245,Vance McDonald,McDoVa00,PIT,30,TE,20,1.3,79,0.202020202,5.3,1.9,3,0.2,1,5,0,85.2,14,12,20,15,0.75,99,6.6,0,0,0.266666667,4,15,5,1.1,7.1,0,0
319,Taysom Hill,HillTa00,NOR,30,wr,63,7.9,35,0.642857143,4.4,7.6,0,0,1,8.3,0,119.4,16,8,12,8,0.667,98,12.3,0.125,1,0.5,4,21,8.2,0.5,6.1,10,1.25
317,C.J. Ham,HamxC.00,MIN,27,FB,22,2.8,75,0.226804124,9.4,3.3,0,0,2,15.4,0,110.1,15,11,13,8,0.615,97,12.1,0.125,1,0.75,6,30,7.5,0.5,6.5,0,0
302,Matt Breida,BreiMa00,MIA,25,rb,0,0,96,0,10.7,-0.1,1,0.111111111,0,0,0,106.7,12,1,10,9,0.9,96,10.7,0,0,0.555555556,5,31,9.6,0.8,8,2,0.222222222
256,Zack Moss,MossZa00,BUF,23,,8,0.6,87,0.084210526,6.2,1.8,3,0.214285714,0,0,0,107.2,13,0,18,14,0.778,95,6.8,0.071428571,1,0.357142857,5,20,5.3,1.1,7.3,0,0
259,Nick Vannett,VannNi00,DEN,27,TE,31,2.2,64,0.326315789,4.6,4.4,0,0,0,0,1,72.5,15,11,21,14,0.667,95,6.8,0.071428571,1,0.428571429,6,19,4.5,0.9,6.3,0,0
338,Justin Watson,WatsJu01,TAM,24,wr,75,10.7,19,0.79787234,2.7,9.6,0,0,0,0,2,51.1,11,2,11,7,0.636,94,13.4,0,0,0.714285714,5,36,8.5,0.6,8.5,0,0
240,Carlos Hyde,HydeCa00,SEA,30,,-15,-0.9,108,-0.161290323,6.8,2.4,0,0,0,0,0,86,10,1,20,16,0.8,93,5.8,0,0,0.25,4,18,4.7,1.6,9.3,1,0.0625
307,Malcolm Perry,PerrMa00,MIA,23,rb,59,6.6,33,0.641304348,3.7,8.8,0,0,1,7.7,0,114.9,9,2,13,9,0.692,92,10.2,0.111111111,1,0.444444444,4,25,7.1,1,10.2,1,0.111111111
315,Darrell Daniels,DaniDa02,ARI,26,te,35,4.4,57,0.380434783,7.1,6.1,1,0.125,1,9.1,0,127.8,12,8,11,8,0.727,92,11.5,0.125,1,0.5,4,31,8.4,0.7,7.7,0,0
330,Austin Mack,MackAu01,NYG,23,wr,54,7.7,37,0.593406593,5.3,8.3,1,0.142857143,1,9.1,0,89.6,11,1,11,7,0.636,91,13,0,0,0.714285714,5,50,8.3,0.6,8.3,0,0
305,Travis Homer,HomeTr00,SEA,22,,-2,-0.2,92,-0.022222222,10.2,0.2,1,0.111111111,0,0,0,137.5,9,0,10,9,0.9,90,10,0.111111111,1,0.444444444,4,50,9,1,10,0,0
237,Frank Gore,GoreFr00,NYJ,37,RB,16,1,73,0.179775281,4.6,1.8,1,0.0625,0,0,0,86.2,15,14,19,16,0.842,89,5.6,0,0,0.1875,3,9,4.7,1.1,5.9,1,0.0625
260,Jamal Agnew,AgneJa00,DET,25,wr,-12,-0.9,101,-0.134831461,7.8,4.9,2,0.153846154,1,5,0,74.8,14,2,20,13,0.65,89,6.8,0,0,0.307692308,4,20,4.5,0.9,6.4,2,0.153846154
323,C.J. Uzomah,UzomC.00,CIN,27,te,57,7.1,30,0.655172414,3.8,8.5,0,0,1,9.1,0,125.9,2,2,11,8,0.727,87,10.9,0.125,1,0.75,6,23,7.9,4,43.5,0,0
301,Trent Taylor,TaylTr02,SFO,26,wr,43,4.3,43,0.5,4.3,5.6,0,0,0,0,1,39,12,1,21,10,0.476,86,8.6,0,0,0.5,5,29,4.1,0.8,7.2,0,0
304,Ryan Griffin,GrifRy00,NYJ,30,te,37,4.1,49,0.430232558,5.4,5.3,0,0,1,8.3,0,94.4,15,6,12,9,0.75,86,9.6,0,0,0.444444444,4,23,7.2,0.6,5.7,0,0
375,JJ Arcega-Whiteside,ArceJJ00,PHI,24,,74,18.5,11,0.870588235,2.8,15.1,0,0,1,12.5,1,48.4,8,0,8,4,0.5,85,21.3,0,0,1,4,37,10.6,0.5,10.6,0,0
227,Devontae Booker,BookDe00,LVR,28,rb,3,0.2,81,0.035714286,4.8,0.3,2,0.117647059,0,0,1,63.5,16,1,21,17,0.81,84,4.9,0,0,0.117647059,2,17,4,1.1,5.3,1,0.058823529
286,Tyler Ervin,ErviTy00,GNB,27,,0,0,84,0,7.6,-1,0,0,1,6.7,0,86.5,8,0,15,11,0.733,84,7.6,0,0,0.545454545,6,24,5.6,1.4,10.5,0,0
312,Geoff Swaim,SwaiGe00,TEN,27,wr,48,5.3,35,0.578313253,3.9,6.6,0,0,1,8.3,0,121.2,10,8,12,9,0.75,83,9.2,0.111111111,1,0.666666667,6,16,6.9,0.9,8.3,0,0
271,Royce Freeman,FreeRo00,DEN,24,,18,1.5,63,0.222222222,5.3,1.7,0,0,0,0,0,92.6,16,0,13,12,0.923,81,6.8,0,0,0.333333333,4,28,6.2,0.8,5.1,0,0
316,Troy Fumagalli,FumaTr00,DEN,25,,20,2.5,60,0.25,7.5,7.3,0,0,0,0,3,51.4,8,0,15,8,0.533,80,10,0.125,1,0.75,6,29,5.3,1,10,0,0
294,De'Michael Harris,HarrDe11,IND,22,,16,1.6,63,0.202531646,6.3,1.6,0,0,0,0,0,99.6,7,0,10,10,1,79,7.9,0,0,0.3,3,21,7.9,1.4,11.3,0,0
205,Ray-Ray McCloud,McClRa00,PIT,24,wr,-28,-1.4,105,-0.363636364,5.3,-1.5,0,0,0,0,0,81.2,16,2,22,20,0.909,77,3.9,0,0,0.15,3,13,3.5,1.3,4.8,2,0.1
383,Dante Pettis,PettDa00,2TM,25,,70,17.5,6,0.921052632,1.5,18.3,0,0,0,0,,149.3,7,1,6,4,0.667,76,19,0.25,1,0.75,3,33,12.7,0.6,10.9,1,0.25
232,Ito Smith,SmitIt00,ATL,25,,-6,-0.4,81,-0.08,4.8,0,1,0.058823529,1,3.8,0,69.1,14,0,26,17,0.654,75,4.4,0,0,0.176470588,3,17,2.9,1.2,5.4,1,0.058823529
328,K.J. Hill,HillKJ00,LAC,23,,55,7.9,18,0.753424658,2.6,7.2,0,0,2,18.2,0,82.8,15,0,11,7,0.636,73,10.4,0,0,0.285714286,2,25,6.6,0.5,4.9,1,0.142857143
359,Pharoh Cooper,CoopPh00,CAR,25,wr,38,7.6,35,0.520547945,7,9.9,0,0,0,0,0,92.2,16,1,8,5,0.625,73,14.6,0,0,0.6,3,32,9.1,0.3,4.6,1,0.2
343,Parris Campbell,CampPa00,IND,23,wr,53,8.8,18,0.746478873,3,11.9,0,0,0,0,1,50.9,2,2,9,6,0.667,71,11.8,0,0,0.666666667,4,21,7.9,3,35.5,0,0
268,Jason Witten,WittJa00,LVR,38,te,49,3.8,20,0.710144928,1.5,5.4,0,0,0,0,0,121.9,16,7,17,13,0.765,69,5.3,0.153846154,2,0.615384615,8,15,4.1,0.8,4.3,0,0
277,Brandon Powell,PoweBr00,ATL,25,,35,2.9,34,0.507246377,2.8,4.6,0,0,1,5.6,0,110.6,15,1,18,12,0.667,69,5.8,0.166666667,2,0.416666667,5,13,3.8,0.8,4.6,2,0.166666667
296,Patrick Laird,LairPa00,MIA,25,,28,2.8,40,0.411764706,4,2.6,1,0.1,0,0,0,90.3,16,0,12,10,0.833,68,6.8,0,0,0.3,3,17,5.7,0.6,4.3,1,0.1
321,Ryan Nall,NallRy00,CHI,25,,20,2.5,47,0.298507463,5.9,2.2,1,0.125,0,0,0,134.7,16,0,9,8,0.889,67,8.4,0.125,1,0.625,5,18,7.4,0.5,4.2,0,0
291,Samaje Perine,PeriSa00,CIN,25,rb,-23,-2.1,89,-0.348484848,8.1,-1.8,3,0.272727273,0,0,0,89.6,16,1,12,11,0.917,66,6,0,0,0.363636364,4,15,5.5,0.7,4.1,0,0
370,Malik Taylor,TaylMa01,GNB,25,wr,19,3.8,47,0.287878788,9.4,6.7,0,0,0,0,0,152.1,15,1,6,5,0.833,66,13.2,0.2,1,0.8,4,26,11,0.3,4.4,0,0
407,Courtland Sutton,SuttCo00,DEN,25,wr,59,19.7,7,0.893939394,2.3,17.7,0,0,1,16.7,1,50,1,1,6,3,0.5,66,22,0,0,0.666666667,2,45,11,3,66,0,0
336,Darwin Thompson,ThomDa06,KAN,23,rb,-23,-3.3,88,-0.353846154,12.6,-2.6,2,0.285714286,1,9.1,0,110,14,1,11,7,0.636,65,9.3,0.142857143,1,0.428571429,3,37,5.9,0.5,4.6,2,0.285714286
290,La'Mical Perine,PeriLa00,NYJ,22,,-4,-0.4,67,-0.063492063,6.1,1.7,0,0,1,6.7,0,80.7,10,0,15,11,0.733,63,5.7,0,0,0.272727273,3,14,4.2,1.1,6.3,0,0
335,Luke Stocker,StocLu00,ATL,32,TE,11,1.6,52,0.174603175,7.4,1.9,0,0,1,9.1,0,79,16,13,11,7,0.636,63,9,0,0,0.571428571,4,25,5.7,0.4,3.9,0,0
344,Tyrie Cleveland,ClevTy00,DEN,23,,45,7.5,18,0.714285714,3,8.8,1,0.166666667,0,0,0,86.8,10,0,9,6,0.667,63,10.5,0,0,0.666666667,4,17,7,0.6,6.3,0,0
349,Nick Keizer,KeizNi00,KAN,25,,23,3.8,40,0.365079365,6.7,9,0,0,1,11.1,0,86.8,16,3,9,6,0.667,63,10.5,0,0,0.333333333,2,22,7,0.4,3.9,1,0.166666667
384,Damion Ratley,RatlDa00,NYG,25,,53,13.3,10,0.841269841,2.5,7.8,0,0,0,0,0,61.7,5,0,10,4,0.4,63,15.8,0,0,0.5,2,29,6.3,0.8,12.6,1,0.25
364,Gunner Olszewski+,OlszGu00,NWE,24,wr,27,5.4,35,0.435483871,7,5.4,1,0.2,0,0,0,157.9,13,2,5,5,1,62,12.4,0.2,1,0.6,3,38,12.4,0.4,4.8,1,0.2
281,Salvon Ahmed,AhmeSa01,MIA,22,rb,-10,-0.9,71,-0.163934426,6.5,-0.5,0,0,1,7.1,0,84.8,6,4,14,11,0.786,61,5.5,0,0,0.181818182,2,13,4.4,1.8,10.2,0,0
300,Benny Snell Jr.,SnelBe00,PIT,22,rb,-27,-2.7,88,-0.442622951,8.8,-1.9,2,0.2,0,0,1,50,16,3,14,10,0.714,61,6.1,0,0,0.3,3,14,4.4,0.6,3.8,2,0.2
341,Saquon Barkley,BarkSa00,NYG,23,rb,5,0.8,55,0.083333333,9.2,3.8,1,0.166666667,1,11.1,0,85.4,2,2,9,6,0.667,60,10,0,0,0.5,3,38,6.7,3,30,0,0
356,Ja'Marcus Bradley,BradJa01,CLE,24,wr,49,9.8,11,0.816666667,2.2,11.5,0,0,0,0,0,62.7,3,1,11,5,0.455,60,12,0,0,0.4,2,22,5.5,1.7,20,0,0
362,Steven Mitchell,MitcSt02,HOU,26,wr,50,10,10,0.833333333,2,13.8,0,0,0,0,0,85.4,6,1,8,5,0.625,60,12,0,0,0.6,3,20,7.5,0.8,10,0,0
292,Keith Smith,SmitKe03,ATL,28,fb,15,1.4,44,0.254237288,4,1.9,0,0,1,6.7,0,79.6,16,7,15,11,0.733,59,5.4,0,0,0.363636364,4,13,3.9,0.7,3.7,0,0
311,Rodney Smith,SmitRo08,CAR,24,rb,13,1.4,46,0.220338983,5.1,1.5,0,0,1,9.1,0,89,7,1,11,9,0.818,59,6.6,0,0,0.111111111,1,12,5.4,1.3,8.4,1,0.111111111
313,Ameer Abdullah,AbduAm00,MIN,27,,-5,-0.6,63,-0.086206897,7.9,-0.6,0,0,0,0,0,133.1,16,0,9,8,0.889,58,7.3,0.25,2,0.5,4,22,6.4,0.5,3.6,0,0
325,Devonta Freeman,FreeDe00,NYG,28,,-12,-1.7,70,-0.206896552,10,-1.4,0,0,2,20,0,84.6,5,4,10,7,0.7,58,8.3,0,0,0.142857143,1,18,5.8,1.4,11.6,0,0
332,Jaydon Mickens,MickJa01,TAM,26,,27,3.9,31,0.465517241,4.4,7.3,0,0,0,0,0,84.6,10,0,10,7,0.7,58,8.3,0,0,0.857142857,6,11,5.8,0.7,5.8,0,0
275,Jeremy McNichols,McNiJe00,TEN,25,,4,0.3,51,0.072727273,4.3,0.5,0,0,1,5.9,0,74.4,16,0,17,12,0.706,55,4.6,0,0,0,0,9,3.2,0.8,3.4,0,0
298,Dare Ogunbowale,OgunDa00,JAX,26,rb,-9,-0.9,63,-0.166666667,6.3,0.9,0,0,2,10,1,35.4,14,2,20,10,0.5,54,5.4,0,0,0.4,4,12,2.7,0.7,3.9,0,0
351,Anthony McFarland Jr.,McFaAn00,PIT,21,,7,1.2,47,0.12962963,7.8,2.6,2,0.333333333,1,11.1,0,82.6,11,0,9,6,0.667,54,9,0,0,0.166666667,1,17,6,0.5,4.9,0,0
357,Cethan Carter,CartCe00,CIN,25,te,43,8.6,10,0.811320755,2,7.7,0,0,1,14.3,0,93.2,15,5,7,5,0.714,53,10.6,0,0,0.6,3,24,7.6,0.3,3.5,0,0
382,Johnny Mundt,MundJo00,LAR,26,te,8,2,45,0.150943396,11.3,1.8,2,0.5,0,0,0,118.7,16,1,4,4,1,53,13.3,0,0,0.25,1,34,13.3,0.3,3.3,0,0
393,Ashton Dulin,DuliAs00,IND,23,,25,8.3,28,0.471698113,9.3,5.2,0,0,0,0,0,80.6,13,0,6,3,0.5,53,17.7,0,0,0.666666667,2,34,8.8,0.2,4.1,1,0.333333333
350,Chris Manhertz,ManhCh00,CAR,28,TE,19,3.2,33,0.365384615,5.5,4,1,0.166666667,1,12.5,0,91.7,16,12,8,6,0.75,52,8.7,0,0,0.166666667,1,17,6.5,0.4,3.3,0,0
360,Damien Harris,HarrDa06,NWE,23,rb,-3,-0.6,55,-0.057692308,11,-0.4,0,0,0,0,1,53,10,10,7,5,0.714,52,10.4,0,0,0.8,4,15,7.4,0.5,5.2,1,0.2
347,Mark Ingram,IngrMa01,BAL,31,rb,1,0.2,49,0.02,8.2,1.5,1,0.166666667,0,0,0,90.6,11,9,8,6,0.75,50,8.3,0,0,0.333333333,2,18,6.3,0.5,4.5,0,0
369,Trent Sherfield,SherTr00,ARI,24,wr,23,4.6,27,0.46,5.4,11.7,0,0,0,0,1,51.8,15,1,7,5,0.714,50,10,0,0,0.4,2,26,7.1,0.3,3.3,0,0
397,Virgil Green,GreeVi00,LAC,32,te,27,9,23,0.54,7.7,11.8,0,0,1,16.7,0,118.1,6,3,6,3,0.5,50,16.7,0.333333333,1,0.666666667,2,26,8.3,0.5,8.3,0,0
352,Laquon Treadwell,TreaLa00,ATL,25,,36,6,13,0.734693878,2.2,5.6,1,0.166666667,0,0,0,135.4,5,0,7,6,0.857,49,8.2,0.333333333,2,0.666666667,4,14,7,1.2,9.8,0,0
366,MyCole Pruitt,PruiMy00,TEN,28,te,36,7.2,13,0.734693878,2.6,8.4,0,0,1,12.5,0,119.3,11,4,8,5,0.625,49,9.8,0.4,2,0.8,4,22,6.1,0.5,4.5,0,0
353,Javon Wims,WimsJa00,CHI,26,wr,44,7.3,4,0.916666667,0.7,14.8,0,0,0,0,0,88.2,13,1,12,6,0.5,48,8,0.166666667,1,0.666666667,4,13,4,0.5,3.7,0,0
342,Dez Bryant,BryaDe01,BAL,32,,13,2.2,34,0.276595745,5.7,4.7,0,0,1,9.1,0,104.9,6,0,11,6,0.545,47,7.8,0.333333333,2,0.5,3,16,4.3,1,7.8,0,0
310,Jaylen Samuels,SamuJa00,PIT,24,rb,-10,-1.1,56,-0.217391304,6.2,-0.2,0,0,3,21.4,0,69.3,14,1,14,9,0.643,46,5.1,0,0,0.222222222,2,12,3.3,0.6,3.3,0,0
318,Josh Hill,HillJo02,NOR,30,te,9,1.1,37,0.195652174,4.6,4.5,1,0.125,0,0,0,119.2,14,7,10,8,0.8,46,5.8,0.125,1,0.5,4,16,4.6,0.6,3.3,1,0.125
368,Darrius Shepherd,ShepDa00,GNB,25,,28,5.6,18,0.608695652,3.6,15,0,0,0,0,0,78.1,8,0,8,5,0.625,46,9.2,0,0,0.2,1,19,5.8,0.6,5.8,1,0.2
371,Levine Toilolo,ToilLe00,NYG,29,te,20,4,26,0.434782609,5.2,4.3,0,0,0,0,0,98.6,16,2,6,5,0.833,46,9.2,0,0,0.6,3,14,7.7,0.3,2.9,0,0
399,Lil'Jordan Humphrey,HumpLi01,NOR,22,wr,36,12,10,0.782608696,3.3,10.6,1,0.333333333,0,0,1,90.4,3,1,5,3,0.6,46,15.3,0.333333333,1,1,3,17,9.2,1,15.3,0,0
309,Patrick Ricard*,RicaPa00,BAL,26,fb,0,0,45,0,5,0.1,2,0.222222222,1,8.3,0,108,15,10,12,9,0.75,45,5,0.111111111,1,0.333333333,3,11,3.8,0.6,3,1,0.111111111
326,Demetrius Harris,HarrDe03,CHI,29,te,20,2.9,25,0.444444444,3.6,6.6,0,0,2,14.3,1,27.4,15,5,14,7,0.5,45,6.4,0,0,0.285714286,2,9,3.2,0.5,3,0,0
439,Hunter Bryant,BryaHu02,DET,22,,32,32,12,0.727272727,12,22.3,0,0,0,0,0,81.9,5,0,3,1,0.333,44,44,0,0,1,1,44,14.7,0.2,8.8,0,0
367,Theo Riddick,RiddTh00,LVR,29,,10,2,33,0.23255814,6.6,1.7,0,0,0,0,0,96.5,4,0,6,5,0.833,43,8.6,0,0,0.2,1,15,7.2,1.3,10.8,0,0
306,Devine Ozigbo,OzigDe01,JAX,24,,3,0.3,39,0.071428571,4.3,0.3,1,0.111111111,0,0,0,86.1,8,0,9,9,1,42,4.7,0,0,0.333333333,3,12,4.7,1.1,5.3,0,0
322,Troymaine Pope,PopeTr00,LAC,27,,-2,-0.3,44,-0.047619048,5.5,-1.6,1,0.125,1,10,0,84.2,6,0,10,8,0.8,42,5.3,0,0,0.125,1,11,4.2,1.3,7,0,0
345,Tarik Cohen,CoheTa00,CHI,25,,-20,-3.3,61,-0.487804878,10.2,1.7,1,0.166666667,1,11.1,0,76.6,3,0,9,6,0.667,41,6.8,0,0,0.166666667,1,20,4.6,2,13.7,0,0
346,River Cracraft,CracRi00,SFO,26,wr,30,5,11,0.731707317,1.8,6.4,1,0.166666667,1,11.1,0,76.6,9,1,9,6,0.667,41,6.8,0,0,0.333333333,2,12,4.6,0.7,4.6,0,0
398,Tanner Hudson,HudsTa00,TAM,26,,29,9.7,12,0.707317073,4,15.4,0,0,0,0,0,62.2,11,0,7,3,0.429,41,13.7,0,0,1,3,20,5.9,0.3,3.7,0,0
394,Ted Ginn Jr.,GinnTe00,CHI,35,,30,10,10,0.75,3.3,20.2,0,0,0,0,0,71.5,6,0,6,3,0.5,40,13.3,0,0,0.333333333,1,29,6.7,0.5,6.7,1,0.333333333
377,Khari Blasingame,BlasKh00,TEN,24,fb,5,1.3,34,0.128205128,8.5,1,0,0,1,20,0,99.2,15,7,5,4,0.8,39,9.8,0,0,0.5,2,16,7.8,0.3,2.6,0,0
380,Juwan Johnson,JohnJu02,NOR,24,wr,19,4.8,20,0.487179487,5,7.3,0,0,1,10,0,51.7,7,4,10,4,0.4,39,9.8,0,0,0.75,3,19,3.9,0.6,5.6,0,0
385,Riley Ridley,RidlRi00,CHI,24,wr,36,9,3,0.923076923,0.8,9,0,0,0,0,0,107.3,5,1,4,4,1,39,9.8,0,0,0.75,3,18,9.8,0.8,7.8,0,0
412,Devin Asiasi,AsiaDe00,NWE,23,te,33,16.5,6,0.846153846,3,9.6,0,0,1,14.3,0,89.9,9,3,7,2,0.286,39,19.5,0.5,1,1,2,26,5.6,0.2,4.3,0,0
424,Robert Foster,FostRo01,WAS,26,wr,5,2.5,32,0.135135135,16,14,1,0.5,1,16.7,0,55.6,4,2,6,2,0.333,37,18.5,0,0,1,2,28,6.2,0.5,9.3,0,0
339,Deon Yelder,YeldDe00,KAN,25,,6,0.9,30,0.166666667,4.3,5.2,0,0,0,0,0,68.7,14,1,11,7,0.636,36,5.1,0,0,0.285714286,2,12,3.3,0.5,2.6,0,0
410,Charlie Woerner,WoerCh00,SFO,23,,11,3.7,25,0.305555556,8.3,2.5,1,0.333333333,0,0,0,102.1,14,0,4,3,0.75,36,12,0,0,0.666666667,2,18,9,0.2,2.6,0,0
320,Jakob Johnson,JohnJa12,NWE,26,FB,15,1.9,20,0.428571429,2.5,1.7,0,0,0,0,0,119.9,16,11,9,8,0.889,35,4.4,0.125,1,0.375,3,12,3.9,0.5,2.2,1,0.125
388,Lee Smith,SmitLe00,BUF,33,te,15,3.8,20,0.428571429,5,3.7,0,0,0,0,0,121.5,10,2,6,4,0.667,35,8.8,0.5,2,0.75,3,27,5.8,0.4,3.5,0,0
408,Kahale Warring,WarrKa00,HOU,23,,27,9,8,0.771428571,2.7,8.3,0,0,1,14.3,0,58.6,7,0,7,3,0.429,35,11.7,0,0,0.666666667,2,23,5,0.4,5,0,0
411,Brandon Zylstra,ZylsBr00,CAR,27,wr,20,6.7,15,0.571428571,5,13.8,0,0,0,0,0,101,16,2,4,3,0.75,35,11.7,0,0,1,3,28,8.8,0.2,2.2,0,0
418,Lawrence Cager,CageLa01,NYJ,23,wr,21,10.5,14,0.6,7,14,0,0,0,0,2,14.6,2,1,6,2,0.333,35,17.5,0,0,1,2,19,5.8,1,17.5,0,0
430,Cam Newton,NewtCa00,NWE,31,QB,17,8.5,18,0.485714286,9,8.5,0,0,0,0,0,158.3,15,15,2,2,1,35,17.5,0.5,1,1,2,19,17.5,0.1,2.3,6,3
372,Ke'Shawn Vaughn,VaugKe00,TAM,23,,11,2.2,23,0.323529412,4.6,2.4,0,0,3,30,0,91.2,10,0,10,5,0.5,34,6.8,0.2,1,0.4,2,13,3.4,0.5,3.4,1,0.2
379,Tevin Coleman,ColeTe01,SFO,27,rb,13,3.3,21,0.382352941,5.3,2.6,1,0.25,0,0,0,95,8,1,5,4,0.8,34,8.5,0,0,0.5,2,18,6.8,0.5,4.3,0,0
386,Andre Roberts*,RobeAn00,BUF,32,,29,7.3,5,0.852941176,1.3,9.6,0,0,1,20,1,55.4,15,0,5,4,0.8,34,8.5,0,0,0.5,2,16,6.8,0.3,2.3,3,0.75
327,Jamycal Hasty,HastJa02,SFO,24,,-14,-2,47,-0.424242424,6.7,-2.4,0,0,0,0,0,83.9,8,0,8,7,0.875,33,4.7,0,0,0,0,16,4.1,0.9,4.1,1,0.142857143
409,Nick Westbrook-Ikhine,WestNi00,TEN,23,wr,28,9.3,5,0.848484848,1.7,10.3,0,0,0,0,1,10.9,14,1,8,3,0.375,33,11,0,0,1,3,19,4.1,0.2,2.4,0,0
395,Terry Godwin,GodwTe00,JAX,24,,29,9.7,3,0.90625,1,11.7,0,0,1,16.7,0,66,3,0,6,3,0.5,32,10.7,0,0,0.666666667,2,21,5.3,1,10.7,0,0
387,Seth Roberts,RobeSe00,CAR,29,,9,2.3,22,0.290322581,5.5,7.3,1,0.25,0,0,0,79.2,7,1,6,4,0.667,31,7.8,0,0,0.5,2,12,5.2,0.6,4.4,0,0
415,Daniel Brown,BrowDa04,NYJ,28,te,10,5,21,0.322580645,10.5,5,0,0,0,0,0,118.7,16,1,2,2,1,31,15.5,0,0,1,2,18,15.5,0.1,1.9,0,0
373,DeAndre Washington,WashDe00,2TM,27,,7,1.4,23,0.233333333,4.6,2.6,0,0,0,0,,56.2,4,1,10,5,0.5,30,6,0,0,0.4,2,10,3,1.3,7.5,0,0
374,Trayveon Williams,WillTr06,CIN,23,,-11,-2.2,41,-0.366666667,8.2,-2.2,2,0.4,0,0,0,91.7,10,0,5,5,1,30,6,0,0,0.2,1,13,6,0.5,3,1,0.2
402,Marlon Mack,MackMa00,IND,24,rb,-1,-0.3,31,-0.033333333,10.3,-0.3,0,0,0,0,0,108.3,1,1,3,3,1,30,10,0,0,0.333333333,1,19,10,3,30,0,0
340,Josh Adams,AdamJo03,NYJ,24,,5,0.8,24,0.172413793,4,0.1,0,0,0,0,0,79.7,8,0,8,6,0.75,29,4.8,0,0,0.333333333,2,11,3.6,0.8,3.6,0,0
434,Isaiah Zuber,ZubeIs00,NWE,23,,-1,-0.5,30,-0.034482759,15,-0.5,1,0.5,0,0,0,118.7,4,0,2,2,1,29,14.5,0,0,0.5,1,16,14.5,0.5,7.3,0,0
329,Phillip Lindsay,LindPh00,DEN,26,rb,-11,-1.6,39,-0.392857143,5.6,-0.4,2,0.285714286,2,14.3,0,56.2,11,8,14,7,0.5,28,4,0,0,0.142857143,1,11,2,0.6,2.5,0,0
378,Michael Burton,BurtMi00,NOR,28,fb,6,1.5,22,0.214285714,5.5,1.5,0,0,0,0,0,95.8,15,4,4,4,1,28,7,0,0,0.25,1,12,7,0.3,1.9,0,0
392,Austin Carr,CarrAu00,NOR,27,,16,5.3,11,0.592592593,3.7,8,0,0,0,0,0,132.3,6,0,4,3,0.75,27,9,0.333333333,1,1,3,11,6.8,0.5,4.5,0,0
403,Ty Montgomery,MontTy01,NOR,27,rb,-6,-2,33,-0.222222222,11,1.7,0,0,1,16.7,0,62.5,6,1,6,3,0.5,27,9,0,0,0.333333333,1,17,4.5,0.5,4.5,0,0
423,Darrynton Evans,EvanDa02,TEN,22,,-2,-1,29,-0.074074074,14.5,-0.5,0,0,0,0,0,111.5,5,0,4,2,0.5,27,13.5,0.5,1,1,2,24,6.8,0.4,5.4,0,0
493,Austin Walter,WaltAu00,SFO,24,,-6,-6,33,-0.222222222,33,-6,0,0,0,0,0,118.7,4,0,1,1,1,27,27,0,0,1,1,27,27,0.3,6.8,0,0
406,Diontae Spencer,SpenDi00,DEN,28,,14,4.7,12,0.538461538,4,5.5,0,0,0,0,0,61.8,11,0,6,3,0.5,26,8.7,0,0,0.333333333,1,10,4.3,0.3,2.4,2,0.666666667
421,Dominique Dafney,DafnDo00,GNB,23,te,16,8,10,0.615384615,5,8,0,0,0,0,0,158.3,5,2,2,2,1,26,13,0.5,1,1,2,13,13,0.4,5.2,0,0
492,Zeke Turner,TurnZe00,ARI,24,,14,14,12,0.538461538,12,14,0,0,0,0,0,118.7,16,0,1,1,1,26,26,0,0,1,1,26,26,0.1,1.6,0,0
358,Corey Clement,ClemCo00,PHI,26,,-7,-1.4,32,-0.28,6.4,-1.7,0,0,1,16.7,0,84,15,0,6,5,0.833,25,5,0,0,0.4,2,12,4.2,0.3,1.7,0,0
363,Gabe Nabers,NabeGa00,LAC,23,fb,2,0.4,23,0.08,4.6,0.9,0,0,2,28.6,0,116.1,16,5,7,5,0.714,25,5,0.4,2,0.4,2,9,3.6,0.3,1.6,0,0
396,Jaeden Graham,GrahJa01,ATL,25,,11,3.7,14,0.44,4.7,3.6,0,0,1,20,0,72.9,16,0,5,3,0.6,25,8.3,0,0,0.333333333,1,11,5,0.2,1.6,0,0
425,Daurice Fountain,FounDa00,IND,25,,23,11.5,0,1,0,9.3,0,0,0,0,0,89.6,5,0,3,2,0.667,23,11.5,0,0,1,2,12,7.7,0.4,4.6,0,0
469,Jake Kumerow,KumeJa00,BUF,28,,22,22,0,1,0,22,0,0,0,0,0,158.3,6,0,1,1,1,22,22,1,1,1,1,22,22,0.2,3.7,0,0
499,T.J. Yeldon,YeldT.00,BUF,27,,22,22,0,1,0,3.5,0,0,1,25,0,89.6,3,0,4,1,0.25,22,22,1,1,1,1,22,5.5,0.3,7.3,1,1
389,Jonathan Williams,WillJo07,DET,26,,-2,-0.5,23,-0.095238095,5.8,-0.5,0,0,0,0,0,88.5,5,0,4,4,1,21,5.3,0,0,0.5,2,10,5.3,0.8,4.2,1,0.25
422,AJ Dillon,DillAJ00,GNB,22,,5,2.5,16,0.238095238,8,2.5,1,0.5,0,0,0,110.4,11,0,2,2,1,21,10.5,0,0,0.5,1,16,10.5,0.2,1.9,0,0
355,Tavon Austin,AustTa00,GNB,30,,-22,-4.4,42,-1.1,8.4,-4.4,0,0,0,0,0,83.3,4,0,5,5,1,20,4,0,0,0.2,1,7,4,1.3,5,1,0.2
361,Justice Hill,HillJu00,BAL,23,,-7,-1.4,27,-0.35,5.4,-1.4,0,0,0,0,0,83.3,12,0,5,5,1,20,4,0,0,0,0,8,4,0.4,1.7,0,0
419,Antonio Callaway,CallAn00,MIA,23,wr,17,8.5,3,0.85,1.5,7,0,0,0,0,0,64.6,5,1,4,2,0.5,20,10,0,0,0.5,1,13,5,0.4,4,0,0
432,Elijhaa Penny,PennEl00,NYG,27,,4,2,16,0.2,8,1.3,0,0,0,0,0,85.4,14,0,3,2,0.667,20,10,0,0,0.5,1,11,6.7,0.1,1.4,0,0
497,Antonio Williams,WillAn03,BUF,23,,4,4,16,0.2,16,4,0,0,0,0,0,118.7,1,0,1,1,1,20,20,0,0,1,1,20,20,1,20,0,0
390,Deontay Burnett,BurnDe00,PHI,23,,15,5,4,0.789473684,1.3,3.8,0,0,0,0,0,84.4,2,0,4,3,0.75,19,6.3,0,0,0.333333333,1,10,4.8,1.5,9.5,0,0
404,Alfred Morris,MorrAl00,NYG,32,,2,0.7,17,0.105263158,5.7,1,1,0.333333333,0,0,0,124,9,0,4,3,0.75,19,6.3,0.333333333,1,0.666666667,2,9,4.8,0.3,2.1,0,0
354,Alex Armah,ArmaAl00,CAR,26,,-2,-0.4,20,-0.111111111,4,0.2,0,0,3,33.3,0,60.9,16,1,9,5,0.556,18,3.6,0,0,0.2,1,14,2,0.3,1.1,0,0
365,C.J. Prosise,ProsC.00,HOU,26,,-8,-1.6,26,-0.444444444,5.2,-1.6,0,0,0,0,0,121.2,10,0,5,5,1,18,3.6,0.2,1,0.2,1,10,3.6,0.5,1.8,1,0.2
413,Reggie Bonnafon,BonnRe00,CAR,24,,-2,-1,20,-0.111111111,10,-1,0,0,0,0,0,143.7,2,0,2,2,1,18,9,0.5,1,1,2,15,9,1,9,0,0
433,John Ross,RossJo00,CIN,25,wr,14,7,3,0.823529412,1.5,12,0,0,1,14.3,0,39.6,3,1,7,2,0.286,17,8.5,0,0,0.5,1,15,2.4,0.7,5.7,0,0
381,Josh Malone,MaloJo00,NYJ,24,,8,2,8,0.5,2,2.8,0,0,1,16.7,0,70.1,4,0,6,4,0.667,16,4,0,0,0.25,1,13,2.7,1,4,0,0
391,Trenton Cannon,CannTr00,CAR,26,,3,1,13,0.1875,4.3,1,1,0.333333333,0,0,0,88.9,14,0,3,3,1,16,5.3,0,0,0.333333333,1,19,5.3,0.2,1.1,0,0
401,Dalton Keene,KeenDa00,NWE,21,,15,5,1,0.9375,0.3,8.8,0,0,0,0,0,65.4,6,0,5,3,0.6,16,5.3,0,0,0,0,8,3.2,0.5,2.7,1,0.333333333
405,Eric Saubert,SaubEr00,JAX,26,,9,3,7,0.5625,2.3,3.3,0,0,0,0,1,41.7,8,4,4,3,0.75,16,5.3,0,0,0,0,9,4,0.4,2,0,0
427,Reggie Gilliam,GillRe00,BUF,23,,8,4,8,0.5,4,4,0,0,0,0,0,139.6,14,0,2,2,1,16,8,0.5,1,1,2,15,8,0.1,1.1,0,0
431,Colby Parkinson,ParkCo02,SEA,21,,11,5.5,5,0.6875,2.5,5.5,1,0.5,0,0,0,100,6,0,2,2,1,16,8,0,0,1,2,10,8,0.3,2.7,0,0
484,Jaleel Scott,ScotJa02,NYJ,25,wr,13,13,3,0.8125,3,13,0,0,0,0,0,118.7,1,1,1,1,1,16,16,0,0,1,1,16,16,1,16,0,0
476,Donte Moncrief,MoncDo00,NWE,27,,1,1,14,0.066666667,14,2.5,0,0,0,0,0,75,6,0,2,1,0.5,15,15,0,0,1,1,15,7.5,0.2,2.5,0,0
400,D'Ernest Johnson,JohnDE04,CLE,24,,2,0.7,12,0.142857143,4,0,0,0,1,25,0,79.2,16,0,4,3,0.75,14,4.7,0,0,0,0,5,3.5,0.2,0.9,1,0.333333333
441,Derek Carrier,CarrDe00,LVR,30,,-4,-4,18,-0.285714286,18,-4,1,1,0,0,0,118.7,16,0,1,1,1,14,14,0,0,1,1,14,14,0.1,0.9,0,0
481,James Proche,ProcJa00,BAL,24,,6,6,8,0.428571429,8,4,0,0,0,0,2,9.7,14,0,3,1,0.333,14,14,0,0,1,1,14,4.7,0.1,1,0,0
428,Andy Janovich,JanoAn00,CLE,27,fb,1,0.5,12,0.076923077,6,1.8,1,0.5,2,40,0,47.9,14,3,5,2,0.4,13,6.5,0,0,0.5,1,13,2.6,0.1,0.9,0,0
468,Keith Kirkwood,KirkKe00,CAR,26,,4,4,9,0.307692308,9,16,1,1,0,0,0,70.8,1,0,2,1,0.5,13,13,0,0,0,0,13,6.5,1,13,0,0
478,Siran Neal,NealSi00,BUF,26,,10,10,3,0.769230769,3,10,0,0,0,0,0,118.7,16,0,1,1,1,13,13,0,0,1,1,13,13,0.1,0.8,0,0
486,Vyncint Smith,SmitVy00,NYJ,24,,12,12,1,0.923076923,1,13,0,0,0,0,0,47.9,7,0,3,1,0.333,13,13,0,0,1,1,13,4.3,0.1,1.9,0,0
376,Peyton Barber,BarbPe01,WAS,26,rb,1,0.3,11,0.083333333,2.8,0.1,0,0,1,14.3,0,62.2,16,2,7,4,0.571,12,3,0,0,0.25,1,7,1.7,0.3,0.8,0,0
435,Josh Allen *,AlleJo02,BUF,24,QB,-5,-5,17,-0.416666667,17,-5,1,1,0,0,0,156.2,16,16,1,1,1,12,12,1,1,1,1,12,12,0.1,0.8,9,9
446,Josiah Deguara,DeguJo00,GNB,23,te,1,1,11,0.083333333,11,12,0,0,0,0,0,68.7,2,1,2,1,0.5,12,12,0,0,1,1,12,6,0.5,6,0,0
459,Cody Hollister,HollCo00,TEN,27,,10,10,2,0.833333333,2,10,0,0,0,0,0,116.7,2,0,1,1,1,12,12,0,0,1,1,12,12,0.5,6,0,0
465,Blake Jarwin,JarwBl00,DAL,26,te,12,12,0,1,0,12,0,0,0,0,0,116.7,1,1,1,1,1,12,12,0,0,1,1,12,12,1,12,0,0
498,Luke Willson,WillLu00,2TM,30,,10,10,2,0.833333333,2,4.3,0,0,0,0,,46.5,8,0,3,1,0.333,12,12,0,0,0,0,12,4,0.1,1.5,0,0
426,Bennie Fowler,FowlBe00,NOR,29,,10,5,1,0.909090909,0.5,7.8,0,0,1,16.7,1,2.8,5,0,6,2,0.333,11,5.5,0,0,0.5,1,7,1.8,0.4,2.2,0,0
440,Stephen Carlson,CarlSt00,CLE,24,te,0,0,11,0,11,0,0,0,0,0,0,66.7,16,2,2,1,0.5,11,11,0,0,1,1,11,5.5,0.1,0.7,0,0
466,Marcus Kemp,KempMa00,2TM,25,,1,1,10,0.090909091,10,1,0,0,0,0,,112.5,11,0,1,1,1,11,11,0,0,1,1,11,11,0.1,1,0,0
480,Dak Prescott,PresDa01,DAL,27,qb,10,10,1,0.909090909,1,10,0,0,0,0,0,152.1,5,5,1,1,1,11,11,1,1,1,1,11,11,0.2,2.2,3,3
494,Jonathan Ward,WardJo00,ARI,23,,-4,-4,15,-0.363636364,15,-4,0,0,0,0,0,152.1,14,0,1,1,1,11,11,1,1,1,1,11,11,0.1,0.8,0,0
414,Mike Boone,BoonMi00,MIN,25,,-7,-3.5,17,-0.7,8.5,-3.5,0,0,0,0,0,87.5,16,0,2,2,1,10,5,0,0,0,0,6,5,0.1,0.6,0,0
447,Gehrig Dieter,DietGe00,KAN,27,,5,5,5,0.5,5,7.5,0,0,0,0,0,64.6,4,0,2,1,0.5,10,10,0,0,1,1,10,5,0.3,2.5,0,0
449,Ben Ellefson,ElleBe00,JAX,24,te,7,7,3,0.7,3,11.3,0,0,1,25,1,0,7,4,4,1,0.25,10,10,0,0,1,1,10,2.5,0.1,1.4,0,0
457,Temarrick Hemingway,HemiTe00,WAS,27,,4,4,6,0.4,6,3.5,0,0,0,0,0,64.6,8,0,2,1,0.5,10,10,0,0,1,1,10,5,0.1,1.3,0,0